student_id,first_name,last_name,email,term,due_date,total_fees_usd,paid_to_date_usd
10890,Noah,Thomas,noah.thomas10890@sjsu.edu,Spring 2026,2026-01-19,4144,4144
10983,Benjamin,Harris,benjamin.harris10983@sjsu.edu,Fall 2025,2025-12-24,5606,5606
10107,Lucas,Nguyen,lucas.nguyen10107@sjsu.edu,Fall 2025,2026-05-16,4075,4075
10609,Evelyn,Robinson,evelyn.robinson10609@sjsu.edu,Fall 2025,2025-12-20,4595,4595
10113,Olivia,Patel,olivia.patel10113@sjsu.edu,Fall 2025,2026-05-18,6561,6561
10350,Sophia,Kim,sophia.kim10350@sjsu.edu,Spring 2026,2025-12-08,4679,4679
10022,Mason,Lewis,mason.lewis10022@sjsu.edu,Spring 2026,2026-05-12,5165,5165
10136,Abigail,White,abigail.white10136@sjsu.edu,Spring 2026,2026-03-10,4314,3929
10674,Emma,Clark,emma.clark10674@sjsu.edu,Spring 2026,2026-07-08,7115,7115
10046,Mia,Harris,mia.harris10046@sjsu.edu,Fall 2025,2026-03-25,4840,4840
10436,James,Martinez,james.martinez10436@sjsu.edu,Spring 2026,2026-02-25,4756,4756
10437,Liam,Davis,liam.davis10437@sjsu.edu,Fall 2025,2026-04-03,5764,5764
10813,Ava,Johnson,ava.johnson10813@sjsu.edu,Spring 2026,2026-03-18,4617,4617
10271,Sophia,Nguyen,sophia.nguyen10271@sjsu.edu,Fall 2025,2026-06-12,6735,6735
10563,Mason,Jackson,mason.jackson10563@sjsu.edu,Fall 2025,2026-02-16,6663,6663
10214,Ella,Patel,ella.patel10214@sjsu.edu,Spring 2026,2026-06-05,5015,5015
10630,Liam,Martinez,liam.martinez10630@sjsu.edu,Fall 2025,2026-06-04,5398,5398
10294,Amelia,Jackson,amelia.jackson10294@sjsu.edu,Fall 2025,2026-03-27,5032,5032
10245,Elijah,Wilson,elijah.wilson10245@sjsu.edu,Fall 2025,2026-02-12,4153,4153
10746,Sophia,Brown,sophia.brown10746@sjsu.edu,Fall 2025,2026-04-18,6413,6413
10435,Ava,Wilson,ava.wilson10435@sjsu.edu,Fall 2025,2026-01-28,7221,7221
10455,Mia,Johnson,mia.johnson10455@sjsu.edu,Fall 2025,2026-04-24,5487,5487
10954,Aiden,Brown,aiden.brown10954@sjsu.edu,Fall 2025,2026-05-29,4278,4278
10109,Ethan,Jackson,ethan.jackson10109@sjsu.edu,Fall 2025,2026-06-07,6696,6696
10050,Aiden,Davis,aiden.davis10050@sjsu.edu,Fall 2025,2026-06-05,6511,6511
10755,James,Smith,james.smith10755@sjsu.edu,Fall 2025,2026-02-27,7171,7171
10344,Liam,Clark,liam.clark10344@sjsu.edu,Fall 2025,2026-06-18,6926,6926
10911,Amelia,Patel,amelia.patel10911@sjsu.edu,Spring 2026,2026-07-06,7642,7642
10526,Ella,Johnson,ella.johnson10526@sjsu.edu,Spring 2026,2025-12-27,5017,5017
10610,Aiden,Harris,aiden.harris10610@sjsu.edu,Fall 2025,2025-12-05,4118,4118
10900,Lucas,Jackson,lucas.jackson10900@sjsu.edu,Spring 2026,2026-06-20,4634,4634
10518,Benjamin,Lee,benjamin.lee10518@sjsu.edu,Fall 2025,2025-12-26,7454,7454
10668,Mia,Wilson,mia.wilson10668@sjsu.edu,Spring 2026,2025-12-03,5686,5686
10720,James,Harris,james.harris10720@sjsu.edu,Fall 2025,2026-05-13,6566,6566
10782,Isabella,Nguyen,isabella.nguyen10782@sjsu.edu,Spring 2026,2026-05-10,6514,6514
10571,Ava,Lee,ava.lee10571@sjsu.edu,Fall 2025,2026-06-21,6481,6481
10086,Olivia,Jackson,olivia.jackson10086@sjsu.edu,Fall 2025,2025-12-04,7058,7058
10129,Benjamin,Kim,benjamin.kim10129@sjsu.edu,Fall 2025,2025-11-20,4127,4127
10512,Evelyn,Martinez,evelyn.martinez10512@sjsu.edu,Fall 2025,2026-01-09,7789,7789
10124,Mason,Brown,mason.brown10124@sjsu.edu,Fall 2025,2026-04-08,4346,4346
10267,Ethan,Robinson,ethan.robinson10267@sjsu.edu,Spring 2026,2026-06-14,6517,6517
10941,Isabella,Garcia,isabella.garcia10941@sjsu.edu,Spring 2026,2026-07-03,6424,6424
10840,Lucas,Robinson,lucas.robinson10840@sjsu.edu,Spring 2026,2026-04-19,4294,4294
10701,Mia,Lee,mia.lee10701@sjsu.edu,Spring 2026,2025-11-11,5211,5211
10582,Mason,Wilson,mason.wilson10582@sjsu.edu,Spring 2026,2026-04-01,6154,6154
10931,Sophia,Johnson,sophia.johnson10931@sjsu.edu,Fall 2025,2026-06-21,6976,6976
10958,Harper,Davis,harper.davis10958@sjsu.edu,Spring 2026,2025-12-02,5663,5663
10434,Liam,Thomas,liam.thomas10434@sjsu.edu,Fall 2025,2026-07-06,7744,7744
10283,Harper,Johnson,harper.johnson10283@sjsu.edu,Fall 2025,2025-11-26,7510,7510
10132,James,Kim,james.kim10132@sjsu.edu,Spring 2026,2025-11-10,5080,5080
10839,Harper,Wilson,harper.wilson10839@sjsu.edu,Fall 2025,2026-03-24,5611,5611
10269,Liam,Anderson,liam.anderson10269@sjsu.edu,Fall 2025,2026-02-09,5571,5571
10683,Lucas,Smith,lucas.smith10683@sjsu.edu,Spring 2026,2026-03-01,7918,7918
10407,James,Brown,james.brown10407@sjsu.edu,Fall 2025,2026-05-06,6025,6025
10396,Evelyn,Lee,evelyn.lee10396@sjsu.edu,Spring 2026,2026-06-04,4011,4011
10191,Ava,Thomas,ava.thomas10191@sjsu.edu,Spring 2026,2025-11-15,4226,4226
10597,Benjamin,Davis,benjamin.davis10597@sjsu.edu,Fall 2025,2026-02-10,4699,4699
10499,Mia,Kim,mia.kim10499@sjsu.edu,Fall 2025,2026-04-17,7825,7825
10972,Mia,Smith,mia.smith10972@sjsu.edu,Fall 2025,2026-04-03,5861,5861
10949,Liam,Wilson,liam.wilson10949@sjsu.edu,Spring 2026,2026-04-25,4378,4378
10452,Elijah,Garcia,elijah.garcia10452@sjsu.edu,Spring 2026,2026-01-28,5274,5274
10003,Evelyn,Thomas,evelyn.thomas10003@sjsu.edu,Fall 2025,2025-12-03,4985,4985
10177,Olivia,Harris,olivia.harris10177@sjsu.edu,Fall 2025,2026-01-18,4379,4379
10386,Lucas,Martinez,lucas.martinez10386@sjsu.edu,Spring 2026,2025-11-25,5637,5637
10693,Sophia,White,sophia.white10693@sjsu.edu,Spring 2026,2026-05-16,6046,6046
10100,Ethan,Garcia,ethan.garcia10100@sjsu.edu,Spring 2026,2025-12-11,7533,7533
10978,Liam,White,liam.white10978@sjsu.edu,Spring 2026,2026-05-06,5489,5489
10048,Mason,Garcia,mason.garcia10048@sjsu.edu,Spring 2026,2026-02-11,6123,6123
10495,Emma,White,emma.white10495@sjsu.edu,Spring 2026,2026-01-14,5522,5522
10814,Amelia,Smith,amelia.smith10814@sjsu.edu,Fall 2025,2026-05-03,5902,5902
10698,Ava,Nguyen,ava.nguyen10698@sjsu.edu,Spring 2026,2026-01-21,4586,4586
10709,Ava,Chen,ava.chen10709@sjsu.edu,Fall 2025,2026-05-18,6779,6779
10057,Ella,Robinson,ella.robinson10057@sjsu.edu,Fall 2025,2026-06-30,5963,5963
10489,Mia,Wilson,mia.wilson10489@sjsu.edu,Fall 2025,2026-01-05,6952,6952
10131,Abigail,Clark,abigail.clark10131@sjsu.edu,Fall 2025,2025-11-14,6571,6571
10126,Ella,Johnson,ella.johnson10126@sjsu.edu,Spring 2026,2026-04-17,6966,6966
10821,Aiden,Thomas,aiden.thomas10821@sjsu.edu,Fall 2025,2026-01-06,4733,4733
10706,Liam,Davis,liam.davis10706@sjsu.edu,Spring 2026,2026-04-05,6314,6314
10786,Benjamin,Clark,benjamin.clark10786@sjsu.edu,Fall 2025,2026-04-13,6692,6692
10749,Amelia,Davis,amelia.davis10749@sjsu.edu,Fall 2025,2026-04-07,5374,5374
10841,James,Kim,james.kim10841@sjsu.edu,Spring 2026,2026-06-30,5074,5074
10697,Ella,Chen,ella.chen10697@sjsu.edu,Fall 2025,2026-02-13,6961,6961
10548,James,Nguyen,james.nguyen10548@sjsu.edu,Spring 2026,2025-12-17,6119,6119
10719,Noah,Jackson,noah.jackson10719@sjsu.edu,Fall 2025,2026-03-18,7536,7536
10473,Sophia,Chen,sophia.chen10473@sjsu.edu,Fall 2025,2025-12-03,4787,4787
10864,Lucas,Wilson,lucas.wilson10864@sjsu.edu,Fall 2025,2026-06-15,5578,5578
10584,Ella,Anderson,ella.anderson10584@sjsu.edu,Spring 2026,2025-12-27,5228,5228
10459,Ava,Johnson,ava.johnson10459@sjsu.edu,Spring 2026,2026-02-27,6394,6394
10515,Ava,Jackson,ava.jackson10515@sjsu.edu,Spring 2026,2025-12-15,6092,6092
10774,Benjamin,Davis,benjamin.davis10774@sjsu.edu,Fall 2025,2025-12-28,4020,4020
10809,Elijah,Jackson,elijah.jackson10809@sjsu.edu,Fall 2025,2025-11-23,6372,6372
10084,Sophia,Brown,sophia.brown10084@sjsu.edu,Fall 2025,2026-05-27,7674,7674
10580,Lucas,Robinson,lucas.robinson10580@sjsu.edu,Fall 2025,2026-06-16,5554,5554
10493,Olivia,Davis,olivia.davis10493@sjsu.edu,Fall 2025,2025-12-30,7847,7847
10305,James,Kim,james.kim10305@sjsu.edu,Spring 2026,2026-01-26,6390,6390
10681,James,Garcia,james.garcia10681@sjsu.edu,Fall 2025,2026-03-09,4044,4044
10063,Olivia,Robinson,olivia.robinson10063@sjsu.edu,Spring 2026,2026-07-07,6692,6692
10152,Harper,Davis,harper.davis10152@sjsu.edu,Fall 2025,2026-02-02,7441,7441
10498,Ava,Jackson,ava.jackson10498@sjsu.edu,Fall 2025,2025-11-19,7272,7272
10618,Elijah,Kim,elijah.kim10618@sjsu.edu,Fall 2025,2025-11-21,4912,4912
10594,Amelia,Harris,amelia.harris10594@sjsu.edu,Spring 2026,2026-04-02,6656,6656
10509,Ella,Smith,ella.smith10509@sjsu.edu,Fall 2025,2025-11-24,6103,6103
10520,Noah,Garcia,noah.garcia10520@sjsu.edu,Spring 2026,2026-01-19,7118,7118
10172,James,Garcia,james.garcia10172@sjsu.edu,Spring 2026,2026-02-12,4979,4979
10292,Lucas,Davis,lucas.davis10292@sjsu.edu,Spring 2026,2026-05-31,4691,4691
10456,Mia,Thomas,mia.thomas10456@sjsu.edu,Spring 2026,2026-05-28,5579,5579
10481,Lucas,Thomas,lucas.thomas10481@sjsu.edu,Fall 2025,2026-03-04,7876,7876
10138,Olivia,Davis,olivia.davis10138@sjsu.edu,Spring 2026,2026-05-19,6668,6668
10219,Isabella,Martinez,isabella.martinez10219@sjsu.edu,Spring 2026,2026-05-13,4015,4015
10742,Liam,Garcia,liam.garcia10742@sjsu.edu,Fall 2025,2026-06-07,6541,6541
10451,Liam,Patel,liam.patel10451@sjsu.edu,Fall 2025,2026-06-24,4060,4060
10685,Noah,Brown,noah.brown10685@sjsu.edu,Spring 2026,2026-01-11,6674,6674
10539,Liam,Martinez,liam.martinez10539@sjsu.edu,Fall 2025,2026-03-16,5904,5904
10704,Evelyn,Clark,evelyn.clark10704@sjsu.edu,Fall 2025,2026-02-20,7991,7991
10074,Emma,Clark,emma.clark10074@sjsu.edu,Fall 2025,2026-05-03,5335,5335
10421,Amelia,Davis,amelia.davis10421@sjsu.edu,Spring 2026,2026-03-24,7188,7188
10637,Lucas,Robinson,lucas.robinson10637@sjsu.edu,Spring 2026,2026-02-12,6406,6406
10781,Ava,Patel,ava.patel10781@sjsu.edu,Spring 2026,2026-04-26,6310,6310
10569,Ethan,Davis,ethan.davis10569@sjsu.edu,Spring 2026,2026-01-18,6012,6012
10639,Sophia,Johnson,sophia.johnson10639@sjsu.edu,Fall 2025,2026-03-21,6776,6776
10299,Benjamin,Davis,benjamin.davis10299@sjsu.edu,Fall 2025,2025-11-18,7060,7060
10651,Emma,Lee,emma.lee10651@sjsu.edu,Spring 2026,2026-01-18,4471,4471
10081,Aiden,Martinez,aiden.martinez10081@sjsu.edu,Fall 2025,2026-03-04,7440,7440
10838,Benjamin,Clark,benjamin.clark10838@sjsu.edu,Spring 2026,2026-06-09,4960,4960
10832,Ava,Kim,ava.kim10832@sjsu.edu,Spring 2026,2026-04-15,6841,6841
10115,Harper,Harris,harper.harris10115@sjsu.edu,Spring 2026,2026-01-11,6452,6452
10477,Abigail,Garcia,abigail.garcia10477@sjsu.edu,Fall 2025,2026-04-11,5293,5293
10370,Evelyn,Kim,evelyn.kim10370@sjsu.edu,Spring 2026,2025-11-15,5897,5897
10560,James,Johnson,james.johnson10560@sjsu.edu,Spring 2026,2026-03-20,4507,4507
10588,Sophia,Thomas,sophia.thomas10588@sjsu.edu,Fall 2025,2025-11-22,4104,4104
10926,Lucas,Smith,lucas.smith10926@sjsu.edu,Fall 2025,2026-01-10,7600,7600
10154,Emma,Chen,emma.chen10154@sjsu.edu,Fall 2025,2026-05-18,7692,7692
10775,Lucas,Clark,lucas.clark10775@sjsu.edu,Fall 2025,2026-01-31,6620,6620
10923,Olivia,Thomas,olivia.thomas10923@sjsu.edu,Spring 2026,2026-02-13,4312,4312
10348,Ella,Lee,ella.lee10348@sjsu.edu,Spring 2026,2026-02-06,6427,6427
10266,Harper,Garcia,harper.garcia10266@sjsu.edu,Fall 2025,2026-05-30,6622,6622
10360,Lucas,Lewis,lucas.lewis10360@sjsu.edu,Fall 2025,2026-02-03,4516,4516
10467,Sophia,Kim,sophia.kim10467@sjsu.edu,Spring 2026,2025-11-24,6485,6485
10574,Olivia,Thomas,olivia.thomas10574@sjsu.edu,Spring 2026,2026-02-08,6737,6737
10558,Mia,Smith,mia.smith10558@sjsu.edu,Fall 2025,2026-07-03,6434,6434
10943,Evelyn,Thomas,evelyn.thomas10943@sjsu.edu,Fall 2025,2026-05-30,4360,4360
10006,Harper,Nguyen,harper.nguyen10006@sjsu.edu,Fall 2025,2026-04-01,4190,4190
10307,Ella,Lee,ella.lee10307@sjsu.edu,Fall 2025,2026-07-07,4057,4057
10598,Isabella,Wilson,isabella.wilson10598@sjsu.edu,Fall 2025,2026-01-28,7383,7383
10373,Benjamin,Kim,benjamin.kim10373@sjsu.edu,Fall 2025,2025-12-11,6627,6627
10903,Isabella,Clark,isabella.clark10903@sjsu.edu,Fall 2025,2026-07-01,5267,5267
10040,Elijah,Patel,elijah.patel10040@sjsu.edu,Fall 2025,2026-01-02,7581,7581
10405,Olivia,Chen,olivia.chen10405@sjsu.edu,Spring 2026,2026-03-26,7242,7242
10552,Ava,Kim,ava.kim10552@sjsu.edu,Fall 2025,2026-02-19,5723,5723
10300,Ethan,Johnson,ethan.johnson10300@sjsu.edu,Spring 2026,2026-04-19,6523,6523
10017,Ella,Thomas,ella.thomas10017@sjsu.edu,Fall 2025,2026-04-30,7940,7940
10167,James,Anderson,james.anderson10167@sjsu.edu,Fall 2025,2026-04-23,4685,4685
10976,Isabella,Jackson,isabella.jackson10976@sjsu.edu,Spring 2026,2026-01-24,7923,7923
10816,Harper,Davis,harper.davis10816@sjsu.edu,Fall 2025,2026-01-09,6397,6397
10522,Sophia,Lewis,sophia.lewis10522@sjsu.edu,Spring 2026,2025-11-12,4828,4828
10478,Ava,Wilson,ava.wilson10478@sjsu.edu,Spring 2026,2026-04-14,6127,6127
10678,Liam,Martinez,liam.martinez10678@sjsu.edu,Spring 2026,2026-03-10,4807,3319
10659,Benjamin,Robinson,benjamin.robinson10659@sjsu.edu,Fall 2025,2026-01-11,7990,7990
10743,Elijah,Anderson,elijah.anderson10743@sjsu.edu,Spring 2026,2025-12-20,7963,7963
10018,Noah,Clark,noah.clark10018@sjsu.edu,Spring 2026,2026-05-06,5393,5393
10032,Ava,Johnson,ava.johnson10032@sjsu.edu,Spring 2026,2026-02-12,6189,6189
10053,Ava,Patel,ava.patel10053@sjsu.edu,Spring 2026,2026-01-15,5934,5934
10377,Ava,Robinson,ava.robinson10377@sjsu.edu,Spring 2026,2026-05-01,6122,6122
10963,Sophia,Garcia,sophia.garcia10963@sjsu.edu,Spring 2026,2026-06-14,5613,5613
10684,Ella,Chen,ella.chen10684@sjsu.edu,Spring 2026,2026-02-09,4034,4034
10397,Lucas,Wilson,lucas.wilson10397@sjsu.edu,Fall 2025,2026-01-26,6680,6680
10272,Isabella,Smith,isabella.smith10272@sjsu.edu,Spring 2026,2026-03-06,6455,6455
10258,Harper,Lewis,harper.lewis10258@sjsu.edu,Spring 2026,2026-05-26,5887,5887
10896,James,Lee,james.lee10896@sjsu.edu,Spring 2026,2026-05-01,4904,4904
10078,James,Patel,james.patel10078@sjsu.edu,Fall 2025,2026-02-01,5815,5815
10199,Ella,Robinson,ella.robinson10199@sjsu.edu,Fall 2025,2026-01-06,7671,7671
10636,Ethan,Jackson,ethan.jackson10636@sjsu.edu,Fall 2025,2026-03-18,7858,6421
10042,Amelia,Robinson,amelia.robinson10042@sjsu.edu,Spring 2026,2025-12-11,5942,5942
10718,Benjamin,Lewis,benjamin.lewis10718@sjsu.edu,Fall 2025,2026-02-22,7487,7487
10957,Benjamin,Nguyen,benjamin.nguyen10957@sjsu.edu,Spring 2026,2026-05-29,6718,6718
10027,Abigail,Anderson,abigail.anderson10027@sjsu.edu,Spring 2026,2025-12-15,7618,7618
10262,Mason,Lee,mason.lee10262@sjsu.edu,Fall 2025,2025-11-27,7790,7790
10308,Ethan,Johnson,ethan.johnson10308@sjsu.edu,Spring 2026,2025-11-26,4392,4392
10025,Sophia,Brown,sophia.brown10025@sjsu.edu,Fall 2025,2026-01-12,7024,7024
10368,Emma,Martinez,emma.martinez10368@sjsu.edu,Fall 2025,2026-02-17,7625,7625
10899,Sophia,Garcia,sophia.garcia10899@sjsu.edu,Fall 2025,2026-03-17,5698,3895
10230,Sophia,Smith,sophia.smith10230@sjsu.edu,Spring 2026,2026-05-10,6041,6041
10796,Mia,Lee,mia.lee10796@sjsu.edu,Fall 2025,2026-05-28,5436,5436
10465,James,White,james.white10465@sjsu.edu,Spring 2026,2025-12-01,6189,6189
10208,Emma,Patel,emma.patel10208@sjsu.edu,Fall 2025,2025-11-30,5146,5146
10134,Noah,White,noah.white10134@sjsu.edu,Spring 2026,2025-11-29,7314,7314
10105,Aiden,Chen,aiden.chen10105@sjsu.edu,Spring 2026,2026-03-18,5825,5825
10007,Olivia,Brown,olivia.brown10007@sjsu.edu,Spring 2026,2026-03-28,4590,4590
10253,Evelyn,Brown,evelyn.brown10253@sjsu.edu,Spring 2026,2025-11-23,5711,5711
10295,Harper,Wilson,harper.wilson10295@sjsu.edu,Spring 2026,2026-02-12,5539,5539
10225,Isabella,Jackson,isabella.jackson10225@sjsu.edu,Spring 2026,2026-05-29,7210,7210
10959,Ethan,Davis,ethan.davis10959@sjsu.edu,Spring 2026,2026-01-27,7247,7247
10752,Olivia,Martinez,olivia.martinez10752@sjsu.edu,Spring 2026,2025-11-26,5119,5119
10686,Noah,Johnson,noah.johnson10686@sjsu.edu,Fall 2025,2026-05-27,4103,4103
10708,Olivia,Brown,olivia.brown10708@sjsu.edu,Spring 2026,2026-06-24,6172,6172
10780,Elijah,Anderson,elijah.anderson10780@sjsu.edu,Spring 2026,2026-03-08,7851,7851
10561,Olivia,Brown,olivia.brown10561@sjsu.edu,Spring 2026,2026-01-22,6364,6364
10544,Ava,Anderson,ava.anderson10544@sjsu.edu,Spring 2026,2026-06-12,6445,6445
10846,Liam,Davis,liam.davis10846@sjsu.edu,Spring 2026,2026-06-11,5481,5481
10669,Sophia,Brown,sophia.brown10669@sjsu.edu,Fall 2025,2026-05-04,4559,4559
10211,Mason,Thomas,mason.thomas10211@sjsu.edu,Fall 2025,2026-05-09,4201,4201
10119,Mason,Chen,mason.chen10119@sjsu.edu,Spring 2026,2025-11-10,4749,4749
10384,Abigail,Chen,abigail.chen10384@sjsu.edu,Fall 2025,2026-03-21,5607,5607
10080,Abigail,Harris,abigail.harris10080@sjsu.edu,Spring 2026,2026-01-12,6079,6079
10799,Ava,Smith,ava.smith10799@sjsu.edu,Fall 2025,2026-06-04,4268,4268
10858,Lucas,Kim,lucas.kim10858@sjsu.edu,Spring 2026,2026-03-02,7416,7416
10692,Liam,Smith,liam.smith10692@sjsu.edu,Spring 2026,2025-11-22,7707,7707
10808,Ethan,Lee,ethan.lee10808@sjsu.edu,Spring 2026,2026-04-15,6796,6796
10888,Olivia,Wilson,olivia.wilson10888@sjsu.edu,Spring 2026,2026-03-06,4820,4820
10411,Liam,White,liam.white10411@sjsu.edu,Spring 2026,2026-03-26,7708,6628
10600,Mason,Davis,mason.davis10600@sjsu.edu,Spring 2026,2025-12-20,6584,6584
10977,Amelia,Brown,amelia.brown10977@sjsu.edu,Spring 2026,2026-03-23,7841,7841
10831,Harper,Anderson,harper.anderson10831@sjsu.edu,Spring 2026,2025-12-16,7292,7292
10628,Amelia,Clark,amelia.clark10628@sjsu.edu,Fall 2025,2025-12-28,5586,5586
10595,Benjamin,Johnson,benjamin.johnson10595@sjsu.edu,Fall 2025,2026-02-25,7950,7950
10420,Olivia,Davis,olivia.davis10420@sjsu.edu,Fall 2025,2026-04-27,7529,7529
10886,Olivia,Nguyen,olivia.nguyen10886@sjsu.edu,Fall 2025,2026-04-25,6198,6198
10995,Isabella,Anderson,isabella.anderson10995@sjsu.edu,Spring 2026,2025-12-08,5093,5093
10474,Mia,Brown,mia.brown10474@sjsu.edu,Spring 2026,2026-04-03,6366,6366
10433,Abigail,Lee,abigail.lee10433@sjsu.edu,Fall 2025,2025-12-26,6718,6718
10015,Abigail,Brown,abigail.brown10015@sjsu.edu,Fall 2025,2026-03-21,4483,4483
10817,Sophia,Patel,sophia.patel10817@sjsu.edu,Fall 2025,2026-03-19,4552,4552
10224,Mason,Johnson,mason.johnson10224@sjsu.edu,Fall 2025,2026-06-18,5342,5342
10416,Noah,Lee,noah.lee10416@sjsu.edu,Spring 2026,2026-04-24,6605,6605
10101,Abigail,Patel,abigail.patel10101@sjsu.edu,Spring 2026,2026-04-02,6265,4801
10939,Noah,Robinson,noah.robinson10939@sjsu.edu,Spring 2026,2025-11-20,4401,4401
10889,James,Nguyen,james.nguyen10889@sjsu.edu,Spring 2026,2026-03-26,4034,4034
10967,Liam,Anderson,liam.anderson10967@sjsu.edu,Fall 2025,2026-01-18,5596,5596
10586,Harper,Lewis,harper.lewis10586@sjsu.edu,Fall 2025,2026-06-08,4360,4360
10836,Abigail,Clark,abigail.clark10836@sjsu.edu,Spring 2026,2026-04-06,5865,5865
10030,Mia,Johnson,mia.johnson10030@sjsu.edu,Fall 2025,2026-01-08,6697,6697
10874,Mason,Clark,mason.clark10874@sjsu.edu,Spring 2026,2026-02-17,7150,7150
10820,Emma,Smith,emma.smith10820@sjsu.edu,Spring 2026,2025-12-14,7975,7975
10143,Emma,Clark,emma.clark10143@sjsu.edu,Fall 2025,2025-12-01,5276,5276
10259,Mia,Johnson,mia.johnson10259@sjsu.edu,Fall 2025,2026-03-31,4211,4211
10236,Ethan,Johnson,ethan.johnson10236@sjsu.edu,Spring 2026,2026-06-30,7621,7621
10627,Noah,Smith,noah.smith10627@sjsu.edu,Spring 2026,2026-07-01,7382,7382
10811,Abigail,Lee,abigail.lee10811@sjsu.edu,Spring 2026,2026-04-06,7538,4960
10625,Mason,Anderson,mason.anderson10625@sjsu.edu,Spring 2026,2026-02-03,4470,4470
10174,Evelyn,Anderson,evelyn.anderson10174@sjsu.edu,Spring 2026,2026-03-11,7054,5520
10064,Amelia,Johnson,amelia.johnson10064@sjsu.edu,Fall 2025,2025-11-13,4087,4087
10892,Sophia,Lewis,sophia.lewis10892@sjsu.edu,Spring 2026,2026-07-07,5662,5662
10213,Abigail,Chen,abigail.chen10213@sjsu.edu,Spring 2026,2026-05-17,5491,5491
10592,Liam,Robinson,liam.robinson10592@sjsu.edu,Spring 2026,2025-11-12,5855,5855
10879,James,Thomas,james.thomas10879@sjsu.edu,Fall 2025,2026-06-07,5666,5666
10288,Lucas,Jackson,lucas.jackson10288@sjsu.edu,Fall 2025,2026-03-18,5041,5041
10716,Lucas,White,lucas.white10716@sjsu.edu,Fall 2025,2026-03-07,6269,6269
10936,Harper,Robinson,harper.robinson10936@sjsu.edu,Fall 2025,2026-04-04,5195,5195
10326,Ethan,Anderson,ethan.anderson10326@sjsu.edu,Spring 2026,2026-06-12,5933,5933
10725,Amelia,Nguyen,amelia.nguyen10725@sjsu.edu,Fall 2025,2026-04-11,6875,6875
10644,Emma,Garcia,emma.garcia10644@sjsu.edu,Spring 2026,2026-03-18,7298,7298
10389,Mason,Anderson,mason.anderson10389@sjsu.edu,Fall 2025,2026-02-18,7282,7282
10999,Evelyn,Garcia,evelyn.garcia10999@sjsu.edu,Spring 2026,2026-02-10,5604,5604
10125,Aiden,Johnson,aiden.johnson10125@sjsu.edu,Spring 2026,2026-02-01,7130,7130
10792,Amelia,Johnson,amelia.johnson10792@sjsu.edu,Fall 2025,2026-05-22,5641,5641
10464,Olivia,Lewis,olivia.lewis10464@sjsu.edu,Fall 2025,2026-06-15,5121,5121
10676,Harper,Chen,harper.chen10676@sjsu.edu,Fall 2025,2026-01-23,6826,6826
10606,Harper,Smith,harper.smith10606@sjsu.edu,Fall 2025,2025-11-17,6736,6736
10319,Abigail,Lee,abigail.lee10319@sjsu.edu,Fall 2025,2026-03-24,4431,3153
10466,James,Clark,james.clark10466@sjsu.edu,Spring 2026,2026-02-15,7266,7266
10997,Evelyn,Lee,evelyn.lee10997@sjsu.edu,Spring 2026,2025-12-18,4180,4180
10403,Mason,Martinez,mason.martinez10403@sjsu.edu,Fall 2025,2025-12-16,6369,6369
10771,Sophia,Nguyen,sophia.nguyen10771@sjsu.edu,Spring 2026,2025-12-31,5834,5834
10275,Abigail,Harris,abigail.harris10275@sjsu.edu,Spring 2026,2025-11-15,4732,4732
10638,James,Kim,james.kim10638@sjsu.edu,Spring 2026,2026-03-20,6491,6491
10646,Noah,Kim,noah.kim10646@sjsu.edu,Spring 2026,2026-06-07,4516,4516
10778,Isabella,Lee,isabella.lee10778@sjsu.edu,Fall 2025,2026-02-24,7536,7536
10849,Aiden,Harris,aiden.harris10849@sjsu.edu,Spring 2026,2026-04-28,5854,5854
10427,Mason,Johnson,mason.johnson10427@sjsu.edu,Fall 2025,2025-11-20,7212,7212
10343,Aiden,Smith,aiden.smith10343@sjsu.edu,Spring 2026,2026-05-09,5920,5920
10729,Amelia,Lee,amelia.lee10729@sjsu.edu,Spring 2026,2026-06-13,7053,7053
10806,Lucas,Johnson,lucas.johnson10806@sjsu.edu,Spring 2026,2025-12-02,5157,5157
10696,Harper,Garcia,harper.garcia10696@sjsu.edu,Fall 2025,2026-03-02,7484,7484
10462,Ava,Davis,ava.davis10462@sjsu.edu,Spring 2026,2026-02-26,5097,5097
10374,Abigail,Thomas,abigail.thomas10374@sjsu.edu,Spring 2026,2026-04-19,5064,5064
10135,Lucas,Kim,lucas.kim10135@sjsu.edu,Fall 2025,2026-05-18,4945,4945
10623,Ella,Patel,ella.patel10623@sjsu.edu,Fall 2025,2025-12-24,4358,4358
10317,Liam,White,liam.white10317@sjsu.edu,Fall 2025,2026-06-14,5536,5536
10247,Liam,Robinson,liam.robinson10247@sjsu.edu,Fall 2025,2025-11-12,7337,7337
10301,Evelyn,Thomas,evelyn.thomas10301@sjsu.edu,Spring 2026,2025-11-22,7668,7668
10287,Lucas,Lee,lucas.lee10287@sjsu.edu,Spring 2026,2026-04-16,7672,7672
10356,Ethan,Jackson,ethan.jackson10356@sjsu.edu,Fall 2025,2026-04-11,6177,6177
10727,Olivia,Thomas,olivia.thomas10727@sjsu.edu,Fall 2025,2026-06-21,6544,6544
10953,Benjamin,Lee,benjamin.lee10953@sjsu.edu,Spring 2026,2026-06-09,5580,5580
10578,James,Lewis,james.lewis10578@sjsu.edu,Fall 2025,2026-02-19,6039,6039
10662,Harper,Robinson,harper.robinson10662@sjsu.edu,Fall 2025,2026-03-24,5151,5151
10852,Mia,Harris,mia.harris10852@sjsu.edu,Fall 2025,2026-05-03,4024,4024
10612,Elijah,Thomas,elijah.thomas10612@sjsu.edu,Fall 2025,2025-11-13,6662,6662
10375,Emma,Thomas,emma.thomas10375@sjsu.edu,Fall 2025,2026-02-20,7204,7204
10146,Sophia,Garcia,sophia.garcia10146@sjsu.edu,Fall 2025,2026-05-20,4580,4580
10514,Mia,Nguyen,mia.nguyen10514@sjsu.edu,Spring 2026,2026-04-22,4591,4591
10797,Ethan,Jackson,ethan.jackson10797@sjsu.edu,Spring 2026,2026-04-21,4873,4873
10441,Harper,Robinson,harper.robinson10441@sjsu.edu,Fall 2025,2026-05-26,5947,5947
10913,Mason,Robinson,mason.robinson10913@sjsu.edu,Fall 2025,2025-12-15,4824,4824
10140,Liam,White,liam.white10140@sjsu.edu,Spring 2026,2026-05-01,7983,7983
10884,Evelyn,Nguyen,evelyn.nguyen10884@sjsu.edu,Spring 2026,2026-01-12,5247,5247
10615,Emma,Lewis,emma.lewis10615@sjsu.edu,Fall 2025,2025-12-29,5429,5429
10910,Sophia,Harris,sophia.harris10910@sjsu.edu,Fall 2025,2026-03-15,5190,5190
10735,Abigail,Patel,abigail.patel10735@sjsu.edu,Spring 2026,2026-05-31,4465,4465
10494,Mason,Lewis,mason.lewis10494@sjsu.edu,Spring 2026,2026-04-26,7104,7104
10026,Harper,Anderson,harper.anderson10026@sjsu.edu,Spring 2026,2025-12-22,4330,4330
10155,Mason,Martinez,mason.martinez10155@sjsu.edu,Spring 2026,2026-02-18,4266,4266
10872,Aiden,Patel,aiden.patel10872@sjsu.edu,Fall 2025,2025-12-31,7032,7032
10383,Amelia,Harris,amelia.harris10383@sjsu.edu,Spring 2026,2026-05-18,5680,5680
10648,Abigail,Johnson,abigail.johnson10648@sjsu.edu,Spring 2026,2025-11-17,4722,4722
10671,Ava,Harris,ava.harris10671@sjsu.edu,Spring 2026,2026-07-07,4545,4545
10893,Abigail,Chen,abigail.chen10893@sjsu.edu,Fall 2025,2025-12-26,4236,4236
10369,Abigail,Nguyen,abigail.nguyen10369@sjsu.edu,Fall 2025,2026-06-16,5634,5634
10873,Harper,Clark,harper.clark10873@sjsu.edu,Fall 2025,2026-05-03,7791,7791
10099,Ava,Garcia,ava.garcia10099@sjsu.edu,Spring 2026,2026-04-14,4343,4343
10366,Olivia,Johnson,olivia.johnson10366@sjsu.edu,Spring 2026,2026-01-25,7003,7003
10810,Sophia,Wilson,sophia.wilson10810@sjsu.edu,Fall 2025,2026-05-27,7194,7194
10166,Lucas,Anderson,lucas.anderson10166@sjsu.edu,Fall 2025,2026-03-13,5232,5232
10758,Isabella,Wilson,isabella.wilson10758@sjsu.edu,Fall 2025,2026-06-21,5435,5435
10023,Harper,Wilson,harper.wilson10023@sjsu.edu,Fall 2025,2026-03-08,7852,7852
10541,Emma,Anderson,emma.anderson10541@sjsu.edu,Fall 2025,2026-04-10,6218,6218
10204,Isabella,Smith,isabella.smith10204@sjsu.edu,Fall 2025,2025-12-22,7815,7815
10033,Elijah,Lewis,elijah.lewis10033@sjsu.edu,Spring 2026,2025-12-12,7903,7903
10991,Mia,Brown,mia.brown10991@sjsu.edu,Fall 2025,2026-01-25,6405,6405
10553,Abigail,Nguyen,abigail.nguyen10553@sjsu.edu,Fall 2025,2026-06-19,4140,4140
10357,Elijah,Nguyen,elijah.nguyen10357@sjsu.edu,Spring 2026,2026-02-01,6382,6382
10865,Benjamin,Johnson,benjamin.johnson10865@sjsu.edu,Fall 2025,2026-06-16,7978,7978
10930,Amelia,Chen,amelia.chen10930@sjsu.edu,Spring 2026,2026-04-01,5653,5653
10513,Emma,Anderson,emma.anderson10513@sjsu.edu,Spring 2026,2026-03-20,5702,5053
10009,Mia,Smith,mia.smith10009@sjsu.edu,Fall 2025,2025-12-04,5525,5525
10010,James,Garcia,james.garcia10010@sjsu.edu,Fall 2025,2026-01-01,6535,6535
10079,Elijah,Harris,elijah.harris10079@sjsu.edu,Fall 2025,2026-01-19,6837,6837
10565,James,Brown,james.brown10565@sjsu.edu,Spring 2026,2026-06-07,5920,5920
10332,Ava,Patel,ava.patel10332@sjsu.edu,Fall 2025,2026-05-06,4566,4566
10118,Isabella,Clark,isabella.clark10118@sjsu.edu,Spring 2026,2025-11-18,5001,5001
10916,Amelia,Chen,amelia.chen10916@sjsu.edu,Fall 2025,2026-01-25,6689,6689
10234,Lucas,Wilson,lucas.wilson10234@sjsu.edu,Spring 2026,2026-01-15,7023,7023
10711,Amelia,Clark,amelia.clark10711@sjsu.edu,Spring 2026,2026-03-25,5474,5474
10532,Ella,Jackson,ella.jackson10532@sjsu.edu,Fall 2025,2026-06-03,6172,6172
10289,Ella,Chen,ella.chen10289@sjsu.edu,Spring 2026,2026-03-19,6522,6522
10216,Noah,Nguyen,noah.nguyen10216@sjsu.edu,Spring 2026,2026-05-20,4798,4798
10049,Mia,Wilson,mia.wilson10049@sjsu.edu,Fall 2025,2026-03-28,6181,6181
10707,Evelyn,Wilson,evelyn.wilson10707@sjsu.edu,Spring 2026,2026-04-24,6689,6689
10556,Aiden,Patel,aiden.patel10556@sjsu.edu,Spring 2026,2025-11-20,4969,4969
10877,Noah,Chen,noah.chen10877@sjsu.edu,Spring 2026,2026-06-08,4225,4225
10756,Benjamin,Smith,benjamin.smith10756@sjsu.edu,Spring 2026,2026-01-21,7243,7243
10596,Ella,Anderson,ella.anderson10596@sjsu.edu,Spring 2026,2026-04-18,7142,7142
10144,Ella,Patel,ella.patel10144@sjsu.edu,Spring 2026,2025-11-29,5879,5879
10712,Ethan,Lewis,ethan.lewis10712@sjsu.edu,Spring 2026,2026-01-15,5623,5623
10860,Sophia,Johnson,sophia.johnson10860@sjsu.edu,Spring 2026,2026-05-31,7925,7925
10769,Mia,Martinez,mia.martinez10769@sjsu.edu,Spring 2026,2025-11-15,6238,6238
10333,Liam,Garcia,liam.garcia10333@sjsu.edu,Fall 2025,2026-06-17,4269,4269
10112,Olivia,Anderson,olivia.anderson10112@sjsu.edu,Spring 2026,2026-06-12,4222,4222
10425,Aiden,Martinez,aiden.martinez10425@sjsu.edu,Spring 2026,2026-01-01,7993,7993
10538,Emma,Wilson,emma.wilson10538@sjsu.edu,Fall 2025,2025-12-25,6937,6937
10818,Elijah,Kim,elijah.kim10818@sjsu.edu,Spring 2026,2025-12-06,6860,6860
10497,Mia,Jackson,mia.jackson10497@sjsu.edu,Fall 2025,2025-12-16,7307,7307
10338,Emma,Chen,emma.chen10338@sjsu.edu,Spring 2026,2026-02-04,5307,5307
10576,Aiden,Smith,aiden.smith10576@sjsu.edu,Spring 2026,2026-05-29,5100,5100
10920,James,Jackson,james.jackson10920@sjsu.edu,Fall 2025,2026-03-31,7059,7059
10754,Aiden,Lewis,aiden.lewis10754@sjsu.edu,Fall 2025,2025-11-18,6861,6861
10581,Abigail,Jackson,abigail.jackson10581@sjsu.edu,Spring 2026,2026-02-08,6961,6961
10351,Noah,White,noah.white10351@sjsu.edu,Fall 2025,2026-02-01,6572,6572
10660,Emma,Nguyen,emma.nguyen10660@sjsu.edu,Spring 2026,2026-03-29,4860,4297
10666,Sophia,Nguyen,sophia.nguyen10666@sjsu.edu,Spring 2026,2026-03-29,4714,4714
10390,Abigail,Chen,abigail.chen10390@sjsu.edu,Fall 2025,2026-07-05,4529,4529
10850,Noah,Martinez,noah.martinez10850@sjsu.edu,Spring 2026,2026-03-04,5189,5189
10605,Mason,Clark,mason.clark10605@sjsu.edu,Fall 2025,2026-01-26,7756,7756
10322,Evelyn,Harris,evelyn.harris10322@sjsu.edu,Spring 2026,2026-04-23,5210,5210
10501,Harper,Patel,harper.patel10501@sjsu.edu,Fall 2025,2026-02-04,5852,5852
10418,Isabella,Smith,isabella.smith10418@sjsu.edu,Spring 2026,2026-05-22,5985,5985
10837,Ava,White,ava.white10837@sjsu.edu,Spring 2026,2026-02-05,6089,6089
10183,Aiden,Smith,aiden.smith10183@sjsu.edu,Spring 2026,2026-03-31,4348,4348
10367,Evelyn,Martinez,evelyn.martinez10367@sjsu.edu,Fall 2025,2026-04-22,4447,4447
10372,Ethan,Thomas,ethan.thomas10372@sjsu.edu,Spring 2026,2026-01-07,7465,7465
10342,Elijah,Patel,elijah.patel10342@sjsu.edu,Spring 2026,2026-03-01,4127,4127
10306,Benjamin,Johnson,benjamin.johnson10306@sjsu.edu,Fall 2025,2026-04-18,5500,5500
10217,Noah,Robinson,noah.robinson10217@sjsu.edu,Spring 2026,2026-01-18,5486,5486
10940,Sophia,Robinson,sophia.robinson10940@sjsu.edu,Fall 2025,2026-01-26,7336,7336
10037,Noah,Chen,noah.chen10037@sjsu.edu,Spring 2026,2025-12-08,4664,4664
10313,Harper,Lee,harper.lee10313@sjsu.edu,Fall 2025,2025-11-24,4652,4652
10570,Mason,Chen,mason.chen10570@sjsu.edu,Spring 2026,2026-05-26,4233,4233
10188,Ethan,Robinson,ethan.robinson10188@sjsu.edu,Fall 2025,2026-03-27,4042,4042
10461,Elijah,Kim,elijah.kim10461@sjsu.edu,Spring 2026,2026-05-05,5160,5160
10036,Emma,White,emma.white10036@sjsu.edu,Spring 2026,2025-12-28,4254,4254
10680,Abigail,Jackson,abigail.jackson10680@sjsu.edu,Spring 2026,2025-12-23,5185,5185
10927,Emma,Johnson,emma.johnson10927@sjsu.edu,Spring 2026,2026-03-27,5107,5107
10853,Olivia,Wilson,olivia.wilson10853@sjsu.edu,Spring 2026,2026-04-28,6132,6132
10614,Amelia,Martinez,amelia.martinez10614@sjsu.edu,Fall 2025,2026-01-17,4134,4134
10547,Isabella,Thomas,isabella.thomas10547@sjsu.edu,Spring 2026,2026-02-20,7338,7338
10233,Emma,Brown,emma.brown10233@sjsu.edu,Spring 2026,2026-04-04,5144,5144
10502,Isabella,Kim,isabella.kim10502@sjsu.edu,Spring 2026,2026-04-19,4473,4473
10438,Benjamin,Nguyen,benjamin.nguyen10438@sjsu.edu,Spring 2026,2026-03-23,6324,6324
10566,Mason,Patel,mason.patel10566@sjsu.edu,Fall 2025,2026-01-05,5366,5366
10804,Isabella,Thomas,isabella.thomas10804@sjsu.edu,Spring 2026,2026-06-23,5222,5222
10065,Emma,Harris,emma.harris10065@sjsu.edu,Fall 2025,2026-06-21,5776,5776
10527,Benjamin,Wilson,benjamin.wilson10527@sjsu.edu,Fall 2025,2026-03-14,4669,3156
10163,Olivia,Brown,olivia.brown10163@sjsu.edu,Spring 2026,2026-07-01,4200,4200
10263,Emma,Anderson,emma.anderson10263@sjsu.edu,Spring 2026,2026-06-04,7086,7086
10847,Evelyn,Smith,evelyn.smith10847@sjsu.edu,Spring 2026,2026-05-08,4630,4630
10399,Noah,Wilson,noah.wilson10399@sjsu.edu,Fall 2025,2026-01-26,7804,7804
10235,Sophia,Jackson,sophia.jackson10235@sjsu.edu,Fall 2025,2026-03-30,4760,3916
10175,Sophia,Anderson,sophia.anderson10175@sjsu.edu,Spring 2026,2026-05-21,5385,5385
10993,Ella,Chen,ella.chen10993@sjsu.edu,Spring 2026,2026-03-02,7801,7801
10555,Liam,Robinson,liam.robinson10555@sjsu.edu,Fall 2025,2025-12-11,5026,5026
10071,Aiden,Harris,aiden.harris10071@sjsu.edu,Fall 2025,2026-03-02,7575,7575
10996,Sophia,Robinson,sophia.robinson10996@sjsu.edu,Spring 2026,2026-06-12,6053,6053
10089,Isabella,Thomas,isabella.thomas10089@sjsu.edu,Fall 2025,2026-01-30,5460,5460
10117,Lucas,Jackson,lucas.jackson10117@sjsu.edu,Fall 2025,2026-02-11,5078,5078
10321,Lucas,Nguyen,lucas.nguyen10321@sjsu.edu,Spring 2026,2026-03-31,6604,6604
10619,Mia,Lewis,mia.lewis10619@sjsu.edu,Fall 2025,2025-11-11,5289,5289
10952,Mason,Nguyen,mason.nguyen10952@sjsu.edu,Spring 2026,2026-05-30,7409,7409
10536,Sophia,Martinez,sophia.martinez10536@sjsu.edu,Fall 2025,2026-04-12,7429,7429
10061,Noah,Lee,noah.lee10061@sjsu.edu,Fall 2025,2025-11-17,4520,4520
10700,Noah,Jackson,noah.jackson10700@sjsu.edu,Fall 2025,2026-06-09,6728,6728
10186,Aiden,Thomas,aiden.thomas10186@sjsu.edu,Fall 2025,2025-11-28,4407,4407
10869,Ava,Smith,ava.smith10869@sjsu.edu,Spring 2026,2026-03-08,7830,7830
10401,Isabella,Johnson,isabella.johnson10401@sjsu.edu,Spring 2026,2026-04-08,6593,6593
10232,Abigail,Robinson,abigail.robinson10232@sjsu.edu,Fall 2025,2026-03-27,7063,7063
10649,Amelia,Wilson,amelia.wilson10649@sjsu.edu,Spring 2026,2026-04-27,4103,4103
10072,Mia,Robinson,mia.robinson10072@sjsu.edu,Fall 2025,2026-06-02,7178,7178
10924,Mia,Wilson,mia.wilson10924@sjsu.edu,Fall 2025,2025-12-03,6714,6714
10270,Emma,Johnson,emma.johnson10270@sjsu.edu,Fall 2025,2026-05-14,7975,7975
10111,Mason,Chen,mason.chen10111@sjsu.edu,Fall 2025,2025-12-30,5403,5403
10745,Aiden,Garcia,aiden.garcia10745@sjsu.edu,Spring 2026,2026-03-25,5348,5348
10914,Ella,Martinez,ella.martinez10914@sjsu.edu,Fall 2025,2026-07-04,6370,6370
10476,Ella,Wilson,ella.wilson10476@sjsu.edu,Fall 2025,2026-04-20,5522,5522
10226,Elijah,Garcia,elijah.garcia10226@sjsu.edu,Fall 2025,2026-05-21,5604,5604
10329,Harper,Robinson,harper.robinson10329@sjsu.edu,Fall 2025,2026-07-01,6315,6315
10549,Amelia,Kim,amelia.kim10549@sjsu.edu,Spring 2026,2026-03-22,6716,5081
10699,Noah,Nguyen,noah.nguyen10699@sjsu.edu,Spring 2026,2026-02-04,7647,7647
10195,Harper,Chen,harper.chen10195@sjsu.edu,Fall 2025,2026-01-23,7264,7264
10336,Sophia,Chen,sophia.chen10336@sjsu.edu,Fall 2025,2025-11-18,4138,4138
10768,Evelyn,Garcia,evelyn.garcia10768@sjsu.edu,Spring 2026,2026-06-28,5307,5307
10763,Harper,Lewis,harper.lewis10763@sjsu.edu,Spring 2026,2025-12-23,7807,7807
10028,Evelyn,Clark,evelyn.clark10028@sjsu.edu,Spring 2026,2026-02-24,6893,6893
10583,Elijah,Anderson,elijah.anderson10583@sjsu.edu,Spring 2026,2026-05-30,4027,4027
10453,Elijah,Lee,elijah.lee10453@sjsu.edu,Spring 2026,2025-11-25,6494,6494
10480,Benjamin,White,benjamin.white10480@sjsu.edu,Fall 2025,2026-07-04,5071,5071
10137,Mason,Nguyen,mason.nguyen10137@sjsu.edu,Fall 2025,2026-04-12,4317,4317
10542,Ethan,Kim,ethan.kim10542@sjsu.edu,Fall 2025,2026-04-05,6739,6739
10747,Liam,Chen,liam.chen10747@sjsu.edu,Fall 2025,2026-02-10,7355,7355
10463,Mia,Lewis,mia.lewis10463@sjsu.edu,Fall 2025,2026-06-11,5181,5181
10393,Evelyn,Jackson,evelyn.jackson10393@sjsu.edu,Spring 2026,2026-03-30,7112,7112
10382,Ella,Harris,ella.harris10382@sjsu.edu,Fall 2025,2026-05-31,6618,6618
10982,Ava,Martinez,ava.martinez10982@sjsu.edu,Fall 2025,2026-04-09,4768,4768
10979,Ava,Nguyen,ava.nguyen10979@sjsu.edu,Fall 2025,2026-02-14,6283,6283
10656,Ethan,Lewis,ethan.lewis10656@sjsu.edu,Spring 2026,2026-03-23,6935,6935
10918,Ella,Kim,ella.kim10918@sjsu.edu,Spring 2026,2026-02-11,7040,7040
10635,Sophia,Brown,sophia.brown10635@sjsu.edu,Spring 2026,2026-01-01,6067,6067
10507,Benjamin,Brown,benjamin.brown10507@sjsu.edu,Spring 2026,2025-12-22,7293,7293
10328,Ethan,Lewis,ethan.lewis10328@sjsu.edu,Spring 2026,2026-01-03,7232,7232
10012,Abigail,Lewis,abigail.lewis10012@sjsu.edu,Spring 2026,2026-01-25,5481,5481
10687,Harper,Johnson,harper.johnson10687@sjsu.edu,Spring 2026,2025-12-27,5506,5506
10908,Mia,Thomas,mia.thomas10908@sjsu.edu,Spring 2026,2026-02-20,6780,6780
10206,Aiden,Jackson,aiden.jackson10206@sjsu.edu,Fall 2025,2026-04-29,5277,5277
10103,Ethan,Smith,ethan.smith10103@sjsu.edu,Fall 2025,2025-11-22,5072,5072
10468,Harper,Jackson,harper.jackson10468@sjsu.edu,Fall 2025,2026-01-14,7792,7792
10309,Olivia,Martinez,olivia.martinez10309@sjsu.edu,Spring 2026,2026-01-16,7324,7324
10500,Amelia,Johnson,amelia.johnson10500@sjsu.edu,Spring 2026,2025-12-04,7923,7923
10222,Harper,Martinez,harper.martinez10222@sjsu.edu,Spring 2026,2026-03-16,7337,7337
10153,Ava,Davis,ava.davis10153@sjsu.edu,Spring 2026,2026-02-19,7436,7436
10180,Evelyn,White,evelyn.white10180@sjsu.edu,Spring 2026,2025-11-28,4000,4000
10934,Benjamin,Chen,benjamin.chen10934@sjsu.edu,Fall 2025,2026-05-21,4356,4356
10182,Ethan,Smith,ethan.smith10182@sjsu.edu,Fall 2025,2025-12-18,4632,4632
10875,Abigail,Smith,abigail.smith10875@sjsu.edu,Fall 2025,2026-06-15,4904,4904
10331,Emma,Robinson,emma.robinson10331@sjsu.edu,Fall 2025,2025-12-16,5412,5412
10469,Benjamin,Patel,benjamin.patel10469@sjsu.edu,Spring 2026,2026-03-28,5883,5883
10141,Emma,Chen,emma.chen10141@sjsu.edu,Spring 2026,2026-05-10,5191,5191
10653,Elijah,Lee,elijah.lee10653@sjsu.edu,Spring 2026,2026-05-22,4811,4811
10770,Mia,Martinez,mia.martinez10770@sjsu.edu,Fall 2025,2025-11-15,6885,6885
10562,Lucas,Kim,lucas.kim10562@sjsu.edu,Fall 2025,2026-03-29,7032,7032
10794,James,Harris,james.harris10794@sjsu.edu,Fall 2025,2026-05-28,6274,6274
10702,Abigail,Lewis,abigail.lewis10702@sjsu.edu,Spring 2026,2025-12-30,6324,6324
10316,Mia,Harris,mia.harris10316@sjsu.edu,Spring 2026,2026-01-25,4261,4261
10415,Abigail,Wilson,abigail.wilson10415@sjsu.edu,Spring 2026,2026-05-02,5715,5715
10210,Sophia,Anderson,sophia.anderson10210@sjsu.edu,Spring 2026,2026-03-25,7148,5979
10519,Aiden,Kim,aiden.kim10519@sjsu.edu,Fall 2025,2026-04-12,4805,4805
10142,Aiden,Brown,aiden.brown10142@sjsu.edu,Spring 2026,2026-03-09,5908,5908
10002,Liam,Harris,liam.harris10002@sjsu.edu,Fall 2025,2025-12-02,4153,4153
10362,Elijah,Johnson,elijah.johnson10362@sjsu.edu,Fall 2025,2026-01-12,7992,7992
10004,James,Thomas,james.thomas10004@sjsu.edu,Fall 2025,2026-04-03,7386,7386
10044,Mason,Garcia,mason.garcia10044@sjsu.edu,Fall 2025,2026-05-20,4418,4418
10944,Ethan,Johnson,ethan.johnson10944@sjsu.edu,Fall 2025,2026-06-02,4619,4619
10281,Olivia,Garcia,olivia.garcia10281@sjsu.edu,Spring 2026,2026-05-13,7185,7185
10675,Mia,Johnson,mia.johnson10675@sjsu.edu,Spring 2026,2026-05-25,7438,7438
10202,Elijah,Johnson,elijah.johnson10202@sjsu.edu,Spring 2026,2026-05-10,4212,4212
10302,Olivia,White,olivia.white10302@sjsu.edu,Fall 2025,2026-04-26,6508,6508
10726,Sophia,Jackson,sophia.jackson10726@sjsu.edu,Spring 2026,2026-05-10,4493,4493
10365,Emma,Lee,emma.lee10365@sjsu.edu,Fall 2025,2026-02-16,4800,4800
10358,Aiden,Johnson,aiden.johnson10358@sjsu.edu,Spring 2026,2026-03-31,6711,6711
10822,James,Johnson,james.johnson10822@sjsu.edu,Fall 2025,2026-02-08,6170,6170
10516,Abigail,Patel,abigail.patel10516@sjsu.edu,Spring 2026,2026-02-10,4761,4761
10371,Olivia,Martinez,olivia.martinez10371@sjsu.edu,Spring 2026,2026-04-01,4022,3040
10593,Noah,Harris,noah.harris10593@sjsu.edu,Fall 2025,2026-02-22,4405,4405
10585,James,Brown,james.brown10585@sjsu.edu,Fall 2025,2026-04-06,5784,5784
10378,Mia,Davis,mia.davis10378@sjsu.edu,Fall 2025,2026-06-10,5592,5592
10231,Abigail,Lee,abigail.lee10231@sjsu.edu,Fall 2025,2026-02-24,4544,4544
10237,Benjamin,Chen,benjamin.chen10237@sjsu.edu,Spring 2026,2026-02-19,4265,4265
10937,Emma,Garcia,emma.garcia10937@sjsu.edu,Fall 2025,2026-01-11,4958,4958
10171,Sophia,Kim,sophia.kim10171@sjsu.edu,Fall 2025,2026-02-05,4715,4715
10273,James,Brown,james.brown10273@sjsu.edu,Spring 2026,2026-04-08,5262,5262
10677,Ava,Wilson,ava.wilson10677@sjsu.edu,Spring 2026,2025-11-21,4845,4845
10551,Noah,Davis,noah.davis10551@sjsu.edu,Spring 2026,2026-03-19,4822,4822
10912,Noah,Chen,noah.chen10912@sjsu.edu,Spring 2026,2026-06-19,5146,5146
10194,Liam,Davis,liam.davis10194@sjsu.edu,Spring 2026,2026-05-03,5484,5484
10714,Sophia,Clark,sophia.clark10714@sjsu.edu,Fall 2025,2026-06-18,4906,4906
10102,Lucas,Robinson,lucas.robinson10102@sjsu.edu,Fall 2025,2026-03-24,4176,4176
10767,Mason,Lewis,mason.lewis10767@sjsu.edu,Spring 2026,2026-02-09,5916,5916
10791,Ava,Clark,ava.clark10791@sjsu.edu,Spring 2026,2026-04-26,4408,4408
10209,Amelia,Thomas,amelia.thomas10209@sjsu.edu,Fall 2025,2026-05-23,6298,6298
10925,Isabella,Patel,isabella.patel10925@sjsu.edu,Spring 2026,2025-12-18,5242,5242
10664,Isabella,Harris,isabella.harris10664@sjsu.edu,Spring 2026,2025-11-23,6083,6083
10162,Liam,Thomas,liam.thomas10162@sjsu.edu,Spring 2026,2026-05-21,6518,6518
10897,Mason,Chen,mason.chen10897@sjsu.edu,Fall 2025,2026-05-28,4597,4597
10491,Liam,Clark,liam.clark10491@sjsu.edu,Fall 2025,2026-07-03,7429,7429
10946,Ethan,Davis,ethan.davis10946@sjsu.edu,Fall 2025,2026-05-31,4011,4011
10567,Sophia,Harris,sophia.harris10567@sjsu.edu,Spring 2026,2026-04-08,7971,7971
10087,Harper,White,harper.white10087@sjsu.edu,Fall 2025,2026-06-11,6735,6735
10789,Mason,Clark,mason.clark10789@sjsu.edu,Spring 2026,2026-01-20,6290,6290
10721,Aiden,Smith,aiden.smith10721@sjsu.edu,Spring 2026,2026-05-04,7400,7400
10190,Ethan,White,ethan.white10190@sjsu.edu,Fall 2025,2026-01-12,6240,6240
10178,Ethan,Anderson,ethan.anderson10178@sjsu.edu,Spring 2026,2026-03-04,6645,6645
10392,Ethan,Johnson,ethan.johnson10392@sjsu.edu,Spring 2026,2026-04-22,6728,6728
10985,James,Patel,james.patel10985@sjsu.edu,Spring 2026,2026-02-22,6245,6245
10568,Harper,Patel,harper.patel10568@sjsu.edu,Spring 2026,2026-06-18,4664,4664
10905,Ethan,Anderson,ethan.anderson10905@sjsu.edu,Fall 2025,2026-02-15,5341,5341
10689,Mason,Robinson,mason.robinson10689@sjsu.edu,Spring 2026,2025-12-27,5553,5553
10511,Emma,Martinez,emma.martinez10511@sjsu.edu,Fall 2025,2026-02-11,7975,7975
10608,Benjamin,Martinez,benjamin.martinez10608@sjsu.edu,Fall 2025,2025-12-30,6353,6353
10439,Liam,Smith,liam.smith10439@sjsu.edu,Spring 2026,2026-05-07,6356,6356
10471,Ethan,Anderson,ethan.anderson10471@sjsu.edu,Spring 2026,2026-06-11,7625,7625
10398,Isabella,White,isabella.white10398@sjsu.edu,Spring 2026,2026-04-18,5755,5755
10785,Amelia,Thomas,amelia.thomas10785@sjsu.edu,Spring 2026,2026-05-03,6206,6206
10998,Lucas,Clark,lucas.clark10998@sjsu.edu,Spring 2026,2026-04-02,6708,6708
10882,Aiden,Martinez,aiden.martinez10882@sjsu.edu,Fall 2025,2026-02-16,5282,5282
10730,Isabella,Patel,isabella.patel10730@sjsu.edu,Spring 2026,2026-01-10,4502,4502
10043,Emma,White,emma.white10043@sjsu.edu,Spring 2026,2026-03-13,5967,5967
10261,Amelia,Harris,amelia.harris10261@sjsu.edu,Fall 2025,2026-02-07,4597,4597
10856,Ava,Lewis,ava.lewis10856@sjsu.edu,Spring 2026,2026-04-10,4236,4236
10429,Liam,Anderson,liam.anderson10429@sjsu.edu,Spring 2026,2025-11-11,4444,4444
10228,Liam,White,liam.white10228@sjsu.edu,Spring 2026,2026-02-27,4658,4658
10005,Emma,Kim,emma.kim10005@sjsu.edu,Fall 2025,2026-04-08,6363,6363
10970,Isabella,Harris,isabella.harris10970@sjsu.edu,Fall 2025,2026-06-10,7509,7509
10802,Ethan,Patel,ethan.patel10802@sjsu.edu,Spring 2026,2026-01-16,4085,4085
10318,Evelyn,Jackson,evelyn.jackson10318@sjsu.edu,Fall 2025,2026-04-26,7038,7038
10863,Mason,Thomas,mason.thomas10863@sjsu.edu,Spring 2026,2026-04-14,6654,6654
10312,Ava,Nguyen,ava.nguyen10312@sjsu.edu,Fall 2025,2025-11-16,6177,6177
10075,Aiden,Harris,aiden.harris10075@sjsu.edu,Spring 2026,2026-05-27,7212,7212
10173,Lucas,Lewis,lucas.lewis10173@sjsu.edu,Fall 2025,2025-11-15,7634,7634
10824,Ethan,Garcia,ethan.garcia10824@sjsu.edu,Spring 2026,2025-12-25,6881,6881
10051,Sophia,Kim,sophia.kim10051@sjsu.edu,Spring 2026,2026-06-03,7030,7030
10887,Amelia,Jackson,amelia.jackson10887@sjsu.edu,Spring 2026,2026-04-08,6907,6907
10902,Abigail,Brown,abigail.brown10902@sjsu.edu,Fall 2025,2026-04-05,7582,6814
10220,Elijah,Garcia,elijah.garcia10220@sjsu.edu,Fall 2025,2026-01-08,7383,7383
10508,Lucas,White,lucas.white10508@sjsu.edu,Fall 2025,2026-03-06,5302,5302
10572,Amelia,Jackson,amelia.jackson10572@sjsu.edu,Fall 2025,2026-02-17,6117,6117
10387,Ava,Garcia,ava.garcia10387@sjsu.edu,Spring 2026,2026-02-25,7749,7749
10093,Emma,Kim,emma.kim10093@sjsu.edu,Fall 2025,2026-01-16,4344,4344
10148,Aiden,Martinez,aiden.martinez10148@sjsu.edu,Fall 2025,2026-02-11,6880,6880
10482,Benjamin,Robinson,benjamin.robinson10482@sjsu.edu,Fall 2025,2026-06-13,5040,5040
10835,Liam,Anderson,liam.anderson10835@sjsu.edu,Spring 2026,2026-04-24,6805,6805
10249,Mason,Garcia,mason.garcia10249@sjsu.edu,Fall 2025,2026-06-01,4128,4128
10340,Mason,Nguyen,mason.nguyen10340@sjsu.edu,Spring 2026,2026-01-31,7728,7728
10616,Abigail,Robinson,abigail.robinson10616@sjsu.edu,Spring 2026,2025-11-23,4080,4080
10200,Ella,Thomas,ella.thomas10200@sjsu.edu,Fall 2025,2026-04-11,7886,7886
10091,Abigail,Jackson,abigail.jackson10091@sjsu.edu,Fall 2025,2026-02-02,5574,5574
10540,Benjamin,Harris,benjamin.harris10540@sjsu.edu,Spring 2026,2025-12-11,4450,4450
10442,Evelyn,Clark,evelyn.clark10442@sjsu.edu,Fall 2025,2026-04-23,4339,4339
10966,Abigail,Thomas,abigail.thomas10966@sjsu.edu,Fall 2025,2026-01-04,4494,4494
10280,Abigail,Harris,abigail.harris10280@sjsu.edu,Fall 2025,2026-04-06,4166,3400
10410,Ethan,Johnson,ethan.johnson10410@sjsu.edu,Spring 2026,2026-04-01,6019,6019
10611,Noah,Lee,noah.lee10611@sjsu.edu,Spring 2026,2026-03-09,7371,7371
10602,Sophia,Thomas,sophia.thomas10602@sjsu.edu,Fall 2025,2026-04-20,4246,4246
10909,Emma,Nguyen,emma.nguyen10909@sjsu.edu,Spring 2026,2026-04-27,4500,4500
10335,James,Garcia,james.garcia10335@sjsu.edu,Spring 2026,2026-01-12,4438,4438
10854,Ethan,Robinson,ethan.robinson10854@sjsu.edu,Spring 2026,2026-02-05,6143,6143
10607,Sophia,Lee,sophia.lee10607@sjsu.edu,Spring 2026,2026-03-31,7149,7149
10906,Olivia,Brown,olivia.brown10906@sjsu.edu,Fall 2025,2026-03-29,6682,6682
10506,Evelyn,Kim,evelyn.kim10506@sjsu.edu,Fall 2025,2026-01-18,4104,4104
10828,Liam,Jackson,liam.jackson10828@sjsu.edu,Spring 2026,2026-02-02,6247,6247
10880,Liam,Johnson,liam.johnson10880@sjsu.edu,Spring 2026,2025-12-28,5369,5369
10092,Aiden,Robinson,aiden.robinson10092@sjsu.edu,Spring 2026,2025-11-26,6098,6098
10728,Sophia,Lewis,sophia.lewis10728@sjsu.edu,Fall 2025,2026-05-15,7758,7758
10724,Elijah,Nguyen,elijah.nguyen10724@sjsu.edu,Spring 2026,2025-11-22,4970,4970
10845,Mia,Johnson,mia.johnson10845@sjsu.edu,Spring 2026,2026-04-22,4727,4727
10894,Evelyn,Smith,evelyn.smith10894@sjsu.edu,Fall 2025,2026-06-18,4561,4561
10575,Olivia,Chen,olivia.chen10575@sjsu.edu,Spring 2026,2026-06-12,7363,7363
10573,Abigail,Wilson,abigail.wilson10573@sjsu.edu,Fall 2025,2026-01-06,6133,6133
10278,Ella,Anderson,ella.anderson10278@sjsu.edu,Fall 2025,2025-12-12,4274,4274
10279,Amelia,Thomas,amelia.thomas10279@sjsu.edu,Spring 2026,2026-06-03,4375,4375
10337,Noah,Brown,noah.brown10337@sjsu.edu,Spring 2026,2025-12-13,4409,4409
10227,Mia,Kim,mia.kim10227@sjsu.edu,Spring 2026,2026-04-25,4265,4265
10008,Emma,Lewis,emma.lewis10008@sjsu.edu,Spring 2026,2026-06-06,6294,6294
10085,Olivia,Wilson,olivia.wilson10085@sjsu.edu,Fall 2025,2026-06-24,5036,5036
10734,Ethan,Martinez,ethan.martinez10734@sjsu.edu,Spring 2026,2026-05-06,4791,4791
10603,Benjamin,Robinson,benjamin.robinson10603@sjsu.edu,Fall 2025,2026-04-04,5446,5446
10717,Ethan,Clark,ethan.clark10717@sjsu.edu,Fall 2025,2026-03-21,7012,7012
10885,Harper,Thomas,harper.thomas10885@sjsu.edu,Spring 2026,2025-12-31,5249,5249
10096,James,Harris,james.harris10096@sjsu.edu,Spring 2026,2026-02-01,6868,6868
10341,Elijah,Harris,elijah.harris10341@sjsu.edu,Spring 2026,2026-01-22,7487,7487
10121,Aiden,Chen,aiden.chen10121@sjsu.edu,Fall 2025,2026-05-27,6067,6067
10156,Harper,Lewis,harper.lewis10156@sjsu.edu,Fall 2025,2026-07-04,5477,5477
10737,Lucas,Lee,lucas.lee10737@sjsu.edu,Fall 2025,2026-04-02,6270,4618
10632,Lucas,Clark,lucas.clark10632@sjsu.edu,Fall 2025,2026-03-03,6273,6273
10667,Mia,Kim,mia.kim10667@sjsu.edu,Spring 2026,2025-11-25,5022,5022
10470,Noah,Clark,noah.clark10470@sjsu.edu,Spring 2026,2025-11-26,7162,7162
10557,Mason,Smith,mason.smith10557@sjsu.edu,Spring 2026,2026-04-24,5423,5423
10293,Lucas,Smith,lucas.smith10293@sjsu.edu,Fall 2025,2026-06-17,6606,6606
10805,Ella,Chen,ella.chen10805@sjsu.edu,Fall 2025,2026-06-18,5955,5955
10793,Noah,Patel,noah.patel10793@sjsu.edu,Fall 2025,2025-11-25,4500,4500
10164,James,Johnson,james.johnson10164@sjsu.edu,Fall 2025,2026-02-24,5934,5934
10732,Liam,Robinson,liam.robinson10732@sjsu.edu,Spring 2026,2026-02-09,4408,4408
10282,Aiden,Garcia,aiden.garcia10282@sjsu.edu,Fall 2025,2026-03-19,7080,7080
10364,Isabella,Chen,isabella.chen10364@sjsu.edu,Spring 2026,2026-05-15,7994,7994
10310,Ava,Nguyen,ava.nguyen10310@sjsu.edu,Spring 2026,2026-04-24,6435,6435
10510,Sophia,Clark,sophia.clark10510@sjsu.edu,Spring 2026,2026-01-22,7421,7421
10179,Evelyn,Brown,evelyn.brown10179@sjsu.edu,Fall 2025,2025-11-18,4521,4521
10069,Liam,Wilson,liam.wilson10069@sjsu.edu,Spring 2026,2026-04-08,6713,6713
10917,Liam,Lee,liam.lee10917@sjsu.edu,Spring 2026,2026-03-05,5434,5434
10878,Sophia,Davis,sophia.davis10878@sjsu.edu,Spring 2026,2025-11-24,7534,7534
10673,Olivia,Lewis,olivia.lewis10673@sjsu.edu,Fall 2025,2026-04-20,5366,5366
10932,James,Harris,james.harris10932@sjsu.edu,Fall 2025,2025-12-04,7647,7647
10058,Amelia,Garcia,amelia.garcia10058@sjsu.edu,Fall 2025,2026-02-17,7726,7726
10951,Ella,Johnson,ella.johnson10951@sjsu.edu,Spring 2026,2026-05-06,7393,7393
10980,Abigail,Brown,abigail.brown10980@sjsu.edu,Fall 2025,2026-04-14,6985,6985
10826,Sophia,Harris,sophia.harris10826@sjsu.edu,Fall 2025,2026-05-31,5671,5671
10265,Ella,Davis,ella.davis10265@sjsu.edu,Fall 2025,2026-07-05,6488,6488
10753,Aiden,Martinez,aiden.martinez10753@sjsu.edu,Spring 2026,2026-04-05,6330,6330
10783,Isabella,Lee,isabella.lee10783@sjsu.edu,Fall 2025,2025-12-19,4076,4076
10380,Sophia,Lee,sophia.lee10380@sjsu.edu,Fall 2025,2026-02-07,6126,6126
10604,Liam,Thomas,liam.thomas10604@sjsu.edu,Fall 2025,2025-11-10,7226,7226
10670,Ella,White,ella.white10670@sjsu.edu,Fall 2025,2026-01-10,6890,6890
10759,James,Anderson,james.anderson10759@sjsu.edu,Spring 2026,2026-05-09,4247,4247
10715,Lucas,Smith,lucas.smith10715@sjsu.edu,Fall 2025,2026-04-30,6174,6174
10147,Aiden,Martinez,aiden.martinez10147@sjsu.edu,Spring 2026,2026-04-13,4543,4543
10251,Emma,Anderson,emma.anderson10251@sjsu.edu,Fall 2025,2026-03-26,6618,6618
10633,Abigail,Kim,abigail.kim10633@sjsu.edu,Fall 2025,2026-02-08,5506,5506
10851,Emma,Jackson,emma.jackson10851@sjsu.edu,Spring 2026,2026-06-02,6992,6992
10212,Ella,Chen,ella.chen10212@sjsu.edu,Spring 2026,2026-07-03,6218,6218
10440,Harper,Jackson,harper.jackson10440@sjsu.edu,Fall 2025,2026-05-03,4057,4057
10861,Mason,Robinson,mason.robinson10861@sjsu.edu,Spring 2026,2025-11-21,7770,7770
10330,Mia,Johnson,mia.johnson10330@sjsu.edu,Fall 2025,2025-12-08,4110,4110
10766,Sophia,Lewis,sophia.lewis10766@sjsu.edu,Fall 2025,2025-12-25,6395,6395
10276,Ava,Robinson,ava.robinson10276@sjsu.edu,Spring 2026,2026-01-09,5905,5905
10784,Sophia,Johnson,sophia.johnson10784@sjsu.edu,Fall 2025,2026-06-06,5465,5465
10772,Elijah,Brown,elijah.brown10772@sjsu.edu,Fall 2025,2026-01-10,4805,4805
10654,Mason,Johnson,mason.johnson10654@sjsu.edu,Spring 2026,2025-11-20,7024,7024
10679,Mason,Jackson,mason.jackson10679@sjsu.edu,Fall 2025,2026-02-01,4660,4660
10448,Mia,Nguyen,mia.nguyen10448@sjsu.edu,Spring 2026,2026-05-20,7170,7170
10989,Amelia,Johnson,amelia.johnson10989@sjsu.edu,Fall 2025,2026-06-04,6113,6113
10691,James,Wilson,james.wilson10691@sjsu.edu,Spring 2026,2025-11-24,4980,4980
10524,Liam,Harris,liam.harris10524@sjsu.edu,Spring 2026,2026-01-21,5373,5373
10303,Liam,Patel,liam.patel10303@sjsu.edu,Fall 2025,2026-04-04,4010,4010
10487,Noah,Martinez,noah.martinez10487@sjsu.edu,Spring 2026,2026-01-08,6312,6312
10723,Benjamin,White,benjamin.white10723@sjsu.edu,Fall 2025,2026-02-13,4560,4560
10815,Harper,Garcia,harper.garcia10815@sjsu.edu,Spring 2026,2026-04-23,5390,5390
10019,Amelia,Robinson,amelia.robinson10019@sjsu.edu,Spring 2026,2026-06-02,6375,6375
10324,Ethan,Chen,ethan.chen10324@sjsu.edu,Fall 2025,2026-07-02,7056,7056
10260,Olivia,Anderson,olivia.anderson10260@sjsu.edu,Fall 2025,2026-04-18,6346,6346
10964,Abigail,Robinson,abigail.robinson10964@sjsu.edu,Fall 2025,2026-02-03,5196,5196
10409,Abigail,Smith,abigail.smith10409@sjsu.edu,Fall 2025,2026-02-25,5083,5083
10400,Harper,Nguyen,harper.nguyen10400@sjsu.edu,Fall 2025,2026-04-03,7391,7391
10984,Benjamin,Martinez,benjamin.martinez10984@sjsu.edu,Fall 2025,2026-05-26,5192,5192
10054,Sophia,Robinson,sophia.robinson10054@sjsu.edu,Spring 2026,2026-06-04,5831,5831
10871,Noah,Jackson,noah.jackson10871@sjsu.edu,Spring 2026,2025-12-14,6012,6012
10150,Mia,Patel,mia.patel10150@sjsu.edu,Spring 2026,2026-03-05,6791,6791
10682,Ella,Garcia,ella.garcia10682@sjsu.edu,Spring 2026,2026-04-03,7026,7026
10703,Ella,Garcia,ella.garcia10703@sjsu.edu,Spring 2026,2026-03-07,6116,6116
10947,Ella,Nguyen,ella.nguyen10947@sjsu.edu,Spring 2026,2026-03-26,6152,5621
10106,Mia,Martinez,mia.martinez10106@sjsu.edu,Spring 2026,2025-11-14,7291,7291
10710,Abigail,Garcia,abigail.garcia10710@sjsu.edu,Fall 2025,2026-04-07,6705,6705
10024,Amelia,Lee,amelia.lee10024@sjsu.edu,Fall 2025,2025-11-25,6022,6022
10898,Sophia,Harris,sophia.harris10898@sjsu.edu,Fall 2025,2025-12-04,5907,5907
10533,James,Johnson,james.johnson10533@sjsu.edu,Fall 2025,2025-12-02,4997,4997
10800,Harper,Wilson,harper.wilson10800@sjsu.edu,Fall 2025,2026-04-03,4934,4934
10082,Olivia,Thomas,olivia.thomas10082@sjsu.edu,Fall 2025,2026-03-03,5607,5607
10825,Ava,Martinez,ava.martinez10825@sjsu.edu,Spring 2026,2025-11-21,4282,4282
10844,Aiden,Lee,aiden.lee10844@sjsu.edu,Spring 2026,2026-05-01,4977,4977
10613,Benjamin,Davis,benjamin.davis10613@sjsu.edu,Fall 2025,2026-01-09,6930,6930
10379,Ella,Smith,ella.smith10379@sjsu.edu,Fall 2025,2026-03-29,5029,5029
10076,Emma,Clark,emma.clark10076@sjsu.edu,Fall 2025,2026-04-06,5017,3355
10388,Amelia,Lewis,amelia.lewis10388@sjsu.edu,Spring 2026,2026-01-06,4447,4447
10406,Mia,Robinson,mia.robinson10406@sjsu.edu,Fall 2025,2026-06-28,6738,6738
10291,Mia,Anderson,mia.anderson10291@sjsu.edu,Fall 2025,2026-07-07,6607,6607
10110,Evelyn,White,evelyn.white10110@sjsu.edu,Spring 2026,2026-03-19,7974,7974
10624,Mia,Wilson,mia.wilson10624@sjsu.edu,Spring 2026,2025-11-11,4764,4764
10777,Ava,White,ava.white10777@sjsu.edu,Spring 2026,2026-05-02,6497,6497
10757,Ethan,Johnson,ethan.johnson10757@sjsu.edu,Fall 2025,2026-05-24,5245,5245
10246,Isabella,Johnson,isabella.johnson10246@sjsu.edu,Fall 2025,2026-01-14,4835,4835
10145,Aiden,Jackson,aiden.jackson10145@sjsu.edu,Spring 2026,2026-01-02,5584,5584
10128,Aiden,Johnson,aiden.johnson10128@sjsu.edu,Fall 2025,2026-05-04,7384,7384
10834,Noah,Robinson,noah.robinson10834@sjsu.edu,Fall 2025,2026-05-12,7721,7721
10622,Benjamin,Kim,benjamin.kim10622@sjsu.edu,Spring 2026,2026-02-20,5266,5266
10956,Abigail,Clark,abigail.clark10956@sjsu.edu,Fall 2025,2026-03-16,7594,7594
10928,James,Smith,james.smith10928@sjsu.edu,Spring 2026,2026-01-11,5916,5916
10486,Noah,Robinson,noah.robinson10486@sjsu.edu,Spring 2026,2025-12-10,7777,7777
10891,Ethan,Jackson,ethan.jackson10891@sjsu.edu,Spring 2026,2026-05-10,4821,4821
10090,Noah,Wilson,noah.wilson10090@sjsu.edu,Fall 2025,2026-03-31,5384,5384
10205,Isabella,Chen,isabella.chen10205@sjsu.edu,Fall 2025,2026-07-07,6672,6672
10960,Ava,Brown,ava.brown10960@sjsu.edu,Spring 2026,2025-11-14,6473,6473
10170,Isabella,Jackson,isabella.jackson10170@sjsu.edu,Spring 2026,2026-03-30,4571,4571
10901,Liam,Johnson,liam.johnson10901@sjsu.edu,Fall 2025,2026-06-12,4655,4655
10056,Ethan,White,ethan.white10056@sjsu.edu,Fall 2025,2026-01-01,5383,5383
10404,Ethan,Lee,ethan.lee10404@sjsu.edu,Spring 2026,2026-05-29,5419,5419
10241,Liam,Brown,liam.brown10241@sjsu.edu,Fall 2025,2025-11-22,4488,4488
10599,Aiden,Lee,aiden.lee10599@sjsu.edu,Fall 2025,2026-06-26,6686,6686
10346,Ava,Harris,ava.harris10346@sjsu.edu,Fall 2025,2026-05-24,5181,5181
10097,Noah,Martinez,noah.martinez10097@sjsu.edu,Fall 2025,2026-05-05,7275,7275
10116,Mason,Nguyen,mason.nguyen10116@sjsu.edu,Spring 2026,2025-12-20,4759,4759
10201,Olivia,Anderson,olivia.anderson10201@sjsu.edu,Fall 2025,2025-11-16,4872,4872
10870,Evelyn,Thomas,evelyn.thomas10870@sjsu.edu,Spring 2026,2026-06-25,4721,4721
10479,Ava,Smith,ava.smith10479@sjsu.edu,Fall 2025,2026-06-20,4838,4838
10323,Sophia,Garcia,sophia.garcia10323@sjsu.edu,Fall 2025,2026-01-15,4695,4695
10193,Ethan,Thomas,ethan.thomas10193@sjsu.edu,Spring 2026,2026-03-16,4928,4928
10443,Ella,Chen,ella.chen10443@sjsu.edu,Fall 2025,2025-11-13,6567,6567
10798,Amelia,Anderson,amelia.anderson10798@sjsu.edu,Spring 2026,2026-01-31,4868,4868
10454,Isabella,Wilson,isabella.wilson10454@sjsu.edu,Spring 2026,2026-05-02,5924,5924
10528,Amelia,Lewis,amelia.lewis10528@sjsu.edu,Fall 2025,2026-03-23,5458,5458
10788,Lucas,White,lucas.white10788@sjsu.edu,Fall 2025,2026-04-24,7178,7178
10550,Ava,Wilson,ava.wilson10550@sjsu.edu,Fall 2025,2025-12-27,6174,6174
10801,Harper,Thomas,harper.thomas10801@sjsu.edu,Spring 2026,2026-04-27,7870,7870
10992,Harper,Wilson,harper.wilson10992@sjsu.edu,Fall 2025,2026-01-28,5115,5115
10974,Aiden,Anderson,aiden.anderson10974@sjsu.edu,Fall 2025,2026-05-21,7803,7803
10296,Benjamin,Johnson,benjamin.johnson10296@sjsu.edu,Spring 2026,2026-05-24,5355,5355
10876,Noah,Lewis,noah.lewis10876@sjsu.edu,Fall 2025,2026-03-17,4416,4416
10601,Aiden,Brown,aiden.brown10601@sjsu.edu,Fall 2025,2026-06-26,6068,6068
10969,Amelia,Robinson,amelia.robinson10969@sjsu.edu,Spring 2026,2026-03-17,5263,5263
10395,Ethan,Martinez,ethan.martinez10395@sjsu.edu,Spring 2026,2026-01-13,6815,6815
10426,Ella,Smith,ella.smith10426@sjsu.edu,Spring 2026,2026-01-30,4787,4787
10986,Noah,Anderson,noah.anderson10986@sjsu.edu,Spring 2026,2026-03-25,7944,5403
10559,Aiden,Martinez,aiden.martinez10559@sjsu.edu,Fall 2025,2026-04-10,5910,5910
10525,Ella,Garcia,ella.garcia10525@sjsu.edu,Fall 2025,2026-07-01,5677,5677
10950,Amelia,Lewis,amelia.lewis10950@sjsu.edu,Fall 2025,2026-03-16,7290,7290
10014,Mason,Harris,mason.harris10014@sjsu.edu,Spring 2026,2026-02-05,7584,7584
10252,Noah,Lee,noah.lee10252@sjsu.edu,Spring 2026,2026-01-18,6848,6848
10238,Lucas,Kim,lucas.kim10238@sjsu.edu,Fall 2025,2026-06-04,6660,6660
10120,Isabella,Anderson,isabella.anderson10120@sjsu.edu,Fall 2025,2026-01-20,5944,5944
10285,Ella,Brown,ella.brown10285@sjsu.edu,Fall 2025,2026-05-30,6810,6810
10554,Elijah,Martinez,elijah.martinez10554@sjsu.edu,Spring 2026,2026-03-28,6573,6573
10196,Aiden,Garcia,aiden.garcia10196@sjsu.edu,Fall 2025,2025-12-31,6030,6030
10345,Noah,Lewis,noah.lewis10345@sjsu.edu,Spring 2026,2026-03-01,4697,4697
10545,Elijah,Harris,elijah.harris10545@sjsu.edu,Fall 2025,2026-07-08,5620,5620
10250,Ella,Clark,ella.clark10250@sjsu.edu,Spring 2026,2026-02-22,4259,4259
10645,Mason,Chen,mason.chen10645@sjsu.edu,Fall 2025,2026-01-28,6943,6943
10812,Mason,Patel,mason.patel10812@sjsu.edu,Fall 2025,2026-07-01,4622,4622
10412,Ella,Kim,ella.kim10412@sjsu.edu,Spring 2026,2026-03-28,4674,4674
10485,Amelia,Jackson,amelia.jackson10485@sjsu.edu,Spring 2026,2026-06-14,7879,7879
10430,Liam,Chen,liam.chen10430@sjsu.edu,Spring 2026,2026-05-25,6493,6493
10776,Ava,Chen,ava.chen10776@sjsu.edu,Spring 2026,2026-06-20,5338,5338
10751,Abigail,Robinson,abigail.robinson10751@sjsu.edu,Fall 2025,2025-12-17,6584,6584
10290,Ethan,Davis,ethan.davis10290@sjsu.edu,Spring 2026,2025-12-30,4150,4150
10016,Evelyn,Lee,evelyn.lee10016@sjsu.edu,Spring 2026,2026-07-06,4622,4622
10158,Liam,Brown,liam.brown10158@sjsu.edu,Fall 2025,2026-01-17,5021,5021
10243,Amelia,Harris,amelia.harris10243@sjsu.edu,Fall 2025,2026-04-13,5839,5839
10066,Sophia,Chen,sophia.chen10066@sjsu.edu,Fall 2025,2026-01-03,5031,5031
10907,Noah,Chen,noah.chen10907@sjsu.edu,Spring 2026,2026-05-15,4609,4609
10359,Isabella,Lee,isabella.lee10359@sjsu.edu,Spring 2026,2026-05-05,5797,5797
10935,Mia,Johnson,mia.johnson10935@sjsu.edu,Spring 2026,2026-02-26,4126,4126
10631,Olivia,Kim,olivia.kim10631@sjsu.edu,Fall 2025,2025-12-30,4379,4379
10504,Liam,Lee,liam.lee10504@sjsu.edu,Spring 2026,2026-06-25,6266,6266
10472,Aiden,Davis,aiden.davis10472@sjsu.edu,Spring 2026,2026-04-09,6073,6073
10945,Amelia,Johnson,amelia.johnson10945@sjsu.edu,Fall 2025,2026-07-04,4811,4811
10577,Olivia,Thomas,olivia.thomas10577@sjsu.edu,Fall 2025,2026-02-23,4017,4017
10962,Mason,Jackson,mason.jackson10962@sjsu.edu,Fall 2025,2026-03-29,5373,5373
10521,Mia,Chen,mia.chen10521@sjsu.edu,Fall 2025,2026-04-09,6508,4607
10857,Mia,Brown,mia.brown10857@sjsu.edu,Spring 2026,2026-01-31,7755,7755
10530,Ethan,Davis,ethan.davis10530@sjsu.edu,Spring 2026,2026-05-21,6360,6360
10408,Sophia,Harris,sophia.harris10408@sjsu.edu,Fall 2025,2026-06-12,7038,7038
10665,Sophia,Thomas,sophia.thomas10665@sjsu.edu,Fall 2025,2026-05-24,6005,6005
10883,Lucas,Brown,lucas.brown10883@sjsu.edu,Spring 2026,2026-03-18,6092,4130
10432,Elijah,Garcia,elijah.garcia10432@sjsu.edu,Fall 2025,2026-04-29,4161,4161
10431,Liam,Harris,liam.harris10431@sjsu.edu,Spring 2026,2025-12-17,6525,6525
10484,Noah,Patel,noah.patel10484@sjsu.edu,Fall 2025,2026-04-01,4142,4142
10151,Harper,Brown,harper.brown10151@sjsu.edu,Fall 2025,2026-02-06,5704,5704
10327,Aiden,Patel,aiden.patel10327@sjsu.edu,Fall 2025,2026-05-14,5790,5790
10256,Harper,Chen,harper.chen10256@sjsu.edu,Fall 2025,2026-06-28,5778,5778
10311,Benjamin,Jackson,benjamin.jackson10311@sjsu.edu,Spring 2026,2025-12-22,5017,5017
10787,Benjamin,Davis,benjamin.davis10787@sjsu.edu,Fall 2025,2026-04-17,7035,7035
10304,Amelia,Brown,amelia.brown10304@sjsu.edu,Fall 2025,2026-02-09,6142,6142
10413,Elijah,Patel,elijah.patel10413@sjsu.edu,Fall 2025,2026-01-31,7443,7443
10133,Abigail,Garcia,abigail.garcia10133@sjsu.edu,Fall 2025,2026-03-24,6700,6700
10031,Ava,White,ava.white10031@sjsu.edu,Fall 2025,2026-01-21,5076,5076
10765,Mason,Martinez,mason.martinez10765@sjsu.edu,Spring 2026,2026-07-03,4301,4301
10458,Liam,Robinson,liam.robinson10458@sjsu.edu,Spring 2026,2026-04-14,7561,7561
10161,Harper,Clark,harper.clark10161@sjsu.edu,Fall 2025,2025-11-30,6947,6947
10339,Evelyn,Martinez,evelyn.martinez10339@sjsu.edu,Fall 2025,2026-01-14,5437,5437
10286,Ethan,Garcia,ethan.garcia10286@sjsu.edu,Spring 2026,2026-05-22,6500,6500
10248,Isabella,Thomas,isabella.thomas10248@sjsu.edu,Spring 2026,2026-04-17,4758,4758
10990,Liam,Lee,liam.lee10990@sjsu.edu,Spring 2026,2026-03-23,7024,7024
10579,Benjamin,Johnson,benjamin.johnson10579@sjsu.edu,Spring 2026,2026-05-29,7481,7481
10819,Ava,Nguyen,ava.nguyen10819@sjsu.edu,Spring 2026,2026-06-22,4264,4264
10988,Benjamin,White,benjamin.white10988@sjsu.edu,Fall 2025,2026-03-26,7250,7250
10001,Noah,Clark,noah.clark10001@sjsu.edu,Fall 2025,2026-04-08,5497,5497
10736,Ava,White,ava.white10736@sjsu.edu,Fall 2025,2026-06-02,4302,4302
10207,Harper,Wilson,harper.wilson10207@sjsu.edu,Spring 2026,2025-12-23,5812,5812
10629,Abigail,Brown,abigail.brown10629@sjsu.edu,Spring 2026,2026-03-01,4971,4971
10915,Mason,Nguyen,mason.nguyen10915@sjsu.edu,Fall 2025,2025-11-10,7962,7962
10833,Harper,Kim,harper.kim10833@sjsu.edu,Fall 2025,2025-12-09,6717,6717
10842,Ella,Wilson,ella.wilson10842@sjsu.edu,Spring 2026,2026-01-05,6337,6337
10264,Sophia,Brown,sophia.brown10264@sjsu.edu,Fall 2025,2025-11-21,7429,7429
10274,Ethan,Thomas,ethan.thomas10274@sjsu.edu,Spring 2026,2026-02-12,6698,6698
10070,Aiden,Thomas,aiden.thomas10070@sjsu.edu,Fall 2025,2025-12-18,6178,6178
10640,Noah,Clark,noah.clark10640@sjsu.edu,Spring 2026,2026-05-26,7014,7014
10444,Evelyn,Patel,evelyn.patel10444@sjsu.edu,Fall 2025,2026-04-30,6800,6800
10829,Evelyn,Martinez,evelyn.martinez10829@sjsu.edu,Spring 2026,2026-01-30,5728,5728
10098,Mia,Thomas,mia.thomas10098@sjsu.edu,Fall 2025,2026-07-08,5101,5101
10848,Lucas,Anderson,lucas.anderson10848@sjsu.edu,Fall 2025,2026-02-09,5494,5494
10021,Ella,Garcia,ella.garcia10021@sjsu.edu,Fall 2025,2026-05-08,6994,6994
10705,Elijah,Robinson,elijah.robinson10705@sjsu.edu,Fall 2025,2026-06-05,7322,7322
10414,Abigail,Lewis,abigail.lewis10414@sjsu.edu,Spring 2026,2026-01-24,6725,6725
10517,Evelyn,Nguyen,evelyn.nguyen10517@sjsu.edu,Spring 2026,2026-01-19,4894,4894
10149,Ethan,White,ethan.white10149@sjsu.edu,Spring 2026,2025-11-16,5614,5614
10647,Harper,Brown,harper.brown10647@sjsu.edu,Spring 2026,2026-06-14,5652,5652
10354,Mason,Martinez,mason.martinez10354@sjsu.edu,Spring 2026,2026-03-29,7691,7691
10933,Ava,Smith,ava.smith10933@sjsu.edu,Fall 2025,2026-05-31,6000,6000
10052,Ethan,Chen,ethan.chen10052@sjsu.edu,Spring 2026,2026-05-16,5456,5456
10198,Lucas,Brown,lucas.brown10198@sjsu.edu,Fall 2025,2026-04-18,7899,7899
10122,Ava,Garcia,ava.garcia10122@sjsu.edu,Spring 2026,2025-12-02,7346,7346
10203,Liam,Lee,liam.lee10203@sjsu.edu,Spring 2026,2026-06-27,5841,5841
10067,Mason,Harris,mason.harris10067@sjsu.edu,Fall 2025,2026-04-09,7128,7128
10223,Olivia,White,olivia.white10223@sjsu.edu,Fall 2025,2026-06-03,4035,4035
10127,Olivia,Nguyen,olivia.nguyen10127@sjsu.edu,Spring 2026,2026-05-08,7005,7005
10655,James,Brown,james.brown10655@sjsu.edu,Fall 2025,2026-06-12,6312,6312
10139,Mason,Robinson,mason.robinson10139@sjsu.edu,Fall 2025,2026-03-13,4051,4051
10417,Ava,Patel,ava.patel10417@sjsu.edu,Fall 2025,2026-05-17,6795,6795
10218,Isabella,Robinson,isabella.robinson10218@sjsu.edu,Fall 2025,2026-05-20,5073,5073
10546,Liam,Wilson,liam.wilson10546@sjsu.edu,Spring 2026,2026-01-10,5641,5641
10157,Evelyn,Martinez,evelyn.martinez10157@sjsu.edu,Fall 2025,2025-12-06,5149,5149
10094,Lucas,Nguyen,lucas.nguyen10094@sjsu.edu,Fall 2025,2026-05-22,5107,5107
10255,Ava,Wilson,ava.wilson10255@sjsu.edu,Fall 2025,2026-05-15,5600,5600
10973,Lucas,Wilson,lucas.wilson10973@sjsu.edu,Fall 2025,2026-04-01,6263,5275
10643,Ethan,Davis,ethan.davis10643@sjsu.edu,Fall 2025,2026-06-26,6714,6714
10738,Mason,Anderson,mason.anderson10738@sjsu.edu,Fall 2025,2026-06-22,6409,6409
10039,Benjamin,Johnson,benjamin.johnson10039@sjsu.edu,Fall 2025,2026-02-11,7886,7886
10130,Olivia,Wilson,olivia.wilson10130@sjsu.edu,Fall 2025,2026-06-11,5542,5542
10987,Amelia,Martinez,amelia.martinez10987@sjsu.edu,Spring 2026,2026-06-11,4663,4663
10189,Mason,Jackson,mason.jackson10189@sjsu.edu,Spring 2026,2026-01-29,7927,7927
10942,Mia,Patel,mia.patel10942@sjsu.edu,Spring 2026,2026-07-06,7851,7851
10589,Lucas,Lewis,lucas.lewis10589@sjsu.edu,Spring 2026,2026-07-03,5228,5228
10402,Ava,Patel,ava.patel10402@sjsu.edu,Fall 2025,2025-11-28,7898,7898
10760,Isabella,Davis,isabella.davis10760@sjsu.edu,Spring 2026,2026-02-12,6063,6063
10038,Isabella,Robinson,isabella.robinson10038@sjsu.edu,Fall 2025,2025-11-10,4419,4419
10242,Sophia,Robinson,sophia.robinson10242@sjsu.edu,Fall 2025,2025-11-29,7809,7809
10353,Noah,Thomas,noah.thomas10353@sjsu.edu,Fall 2025,2026-01-01,5523,5523
10620,Abigail,Brown,abigail.brown10620@sjsu.edu,Spring 2026,2026-01-13,6468,6468
10650,Abigail,Kim,abigail.kim10650@sjsu.edu,Spring 2026,2026-06-29,5442,5442
10534,Ethan,Robinson,ethan.robinson10534@sjsu.edu,Fall 2025,2025-12-06,4687,4687
10503,Amelia,Johnson,amelia.johnson10503@sjsu.edu,Spring 2026,2026-05-17,4907,4907
10159,Evelyn,Harris,evelyn.harris10159@sjsu.edu,Spring 2026,2026-05-26,4777,4777
10394,Olivia,White,olivia.white10394@sjsu.edu,Spring 2026,2026-06-15,7209,7209
10537,Benjamin,Jackson,benjamin.jackson10537@sjsu.edu,Fall 2025,2026-03-03,6878,6878
10695,Ethan,Lee,ethan.lee10695@sjsu.edu,Fall 2025,2026-04-22,5815,5815
10240,Ella,Kim,ella.kim10240@sjsu.edu,Spring 2026,2026-02-13,7745,7745
10013,Ethan,Lee,ethan.lee10013@sjsu.edu,Fall 2025,2026-04-06,4335,4335
10657,Lucas,Thomas,lucas.thomas10657@sjsu.edu,Spring 2026,2025-11-10,7832,7832
10475,Amelia,Anderson,amelia.anderson10475@sjsu.edu,Fall 2025,2025-11-21,5008,5008
10895,Noah,Robinson,noah.robinson10895@sjsu.edu,Spring 2026,2025-11-13,4737,4737
10866,Benjamin,Wilson,benjamin.wilson10866@sjsu.edu,Fall 2025,2026-01-01,6726,6726
10314,Emma,Patel,emma.patel10314@sjsu.edu,Fall 2025,2026-02-23,4582,4582
10361,Abigail,Kim,abigail.kim10361@sjsu.edu,Fall 2025,2026-01-26,5095,5095
10590,James,Brown,james.brown10590@sjsu.edu,Spring 2026,2026-06-09,6119,6119
10320,Ethan,Nguyen,ethan.nguyen10320@sjsu.edu,Fall 2025,2026-06-26,5374,5374
10904,Lucas,Davis,lucas.davis10904@sjsu.edu,Fall 2025,2026-06-02,4622,4622
10994,Harper,Smith,harper.smith10994@sjsu.edu,Spring 2026,2026-02-18,5481,5481
10672,Amelia,Brown,amelia.brown10672@sjsu.edu,Fall 2025,2026-05-10,7623,7623
10564,Sophia,Clark,sophia.clark10564@sjsu.edu,Spring 2026,2026-06-26,5887,5887
10355,Aiden,Lee,aiden.lee10355@sjsu.edu,Spring 2026,2026-04-20,7620,7620
10034,Aiden,Robinson,aiden.robinson10034@sjsu.edu,Fall 2025,2026-06-28,5870,5870
10334,Benjamin,Wilson,benjamin.wilson10334@sjsu.edu,Fall 2025,2026-06-07,7348,7348
10688,Aiden,Lee,aiden.lee10688@sjsu.edu,Fall 2025,2026-05-13,7213,7213
10376,Mia,Martinez,mia.martinez10376@sjsu.edu,Spring 2026,2026-03-06,5977,5977
10184,Liam,Patel,liam.patel10184@sjsu.edu,Fall 2025,2026-04-04,4952,4952
10823,Ella,Garcia,ella.garcia10823@sjsu.edu,Spring 2026,2026-01-04,7975,7975
10423,Evelyn,Martinez,evelyn.martinez10423@sjsu.edu,Fall 2025,2026-01-23,7386,7386
10325,Isabella,Chen,isabella.chen10325@sjsu.edu,Spring 2026,2026-04-12,5345,5345
10187,Mason,Harris,mason.harris10187@sjsu.edu,Fall 2025,2026-01-15,5589,5589
10284,Elijah,Smith,elijah.smith10284@sjsu.edu,Fall 2025,2026-06-24,4539,4539
10391,Noah,Chen,noah.chen10391@sjsu.edu,Spring 2026,2026-04-02,6630,6630
10955,Lucas,Kim,lucas.kim10955@sjsu.edu,Fall 2025,2026-04-09,4811,4811
10165,Isabella,Brown,isabella.brown10165@sjsu.edu,Spring 2026,2026-05-18,5047,5047
10347,Liam,Patel,liam.patel10347@sjsu.edu,Spring 2026,2025-12-04,6010,6010
10298,Liam,Brown,liam.brown10298@sjsu.edu,Spring 2026,2026-04-22,5270,5270
10535,Mason,Martinez,mason.martinez10535@sjsu.edu,Fall 2025,2025-12-04,4079,4079
10229,Emma,Garcia,emma.garcia10229@sjsu.edu,Spring 2026,2025-12-01,6558,6558
10859,Noah,Harris,noah.harris10859@sjsu.edu,Spring 2026,2026-03-16,7518,6342
10827,James,Wilson,james.wilson10827@sjsu.edu,Spring 2026,2026-02-01,4043,4043
10694,Mia,Brown,mia.brown10694@sjsu.edu,Fall 2025,2026-05-05,4581,4581
10855,Harper,Martinez,harper.martinez10855@sjsu.edu,Fall 2025,2025-12-31,6278,6278
10041,Elijah,Anderson,elijah.anderson10041@sjsu.edu,Fall 2025,2026-01-13,6598,6598
10868,Harper,Anderson,harper.anderson10868@sjsu.edu,Spring 2026,2026-07-07,6034,6034
10748,Abigail,Davis,abigail.davis10748@sjsu.edu,Spring 2026,2026-07-07,5588,5588
10921,Emma,Lee,emma.lee10921@sjsu.edu,Spring 2026,2025-11-19,5889,5889
10862,Abigail,Anderson,abigail.anderson10862@sjsu.edu,Spring 2026,2026-05-11,4171,4171
10587,Isabella,Davis,isabella.davis10587@sjsu.edu,Fall 2025,2026-02-01,7927,7927
10543,Abigail,Anderson,abigail.anderson10543@sjsu.edu,Fall 2025,2026-06-09,7883,7883
10446,Olivia,White,olivia.white10446@sjsu.edu,Fall 2025,2026-05-13,5128,5128
10447,Benjamin,Kim,benjamin.kim10447@sjsu.edu,Spring 2026,2026-05-19,7004,7004
10349,Aiden,Martinez,aiden.martinez10349@sjsu.edu,Fall 2025,2026-06-06,5162,5162
10045,Isabella,Martinez,isabella.martinez10045@sjsu.edu,Spring 2026,2026-05-06,7394,7394
10961,Emma,White,emma.white10961@sjsu.edu,Spring 2026,2026-04-13,5682,5682
10108,Aiden,Clark,aiden.clark10108@sjsu.edu,Fall 2025,2026-03-11,6106,6106
10617,Ethan,Anderson,ethan.anderson10617@sjsu.edu,Fall 2025,2025-11-23,5800,5800
10661,Amelia,Garcia,amelia.garcia10661@sjsu.edu,Spring 2026,2026-05-19,6845,6845
10029,Amelia,Anderson,amelia.anderson10029@sjsu.edu,Fall 2025,2025-12-01,4618,4618
10181,Harper,Harris,harper.harris10181@sjsu.edu,Spring 2026,2026-03-04,7982,7982
10621,Ella,Garcia,ella.garcia10621@sjsu.edu,Fall 2025,2026-02-17,6774,6774
10419,Olivia,Nguyen,olivia.nguyen10419@sjsu.edu,Fall 2025,2026-02-24,6941,6941
10634,Sophia,Anderson,sophia.anderson10634@sjsu.edu,Spring 2026,2026-04-07,6577,6577
10965,Noah,Martinez,noah.martinez10965@sjsu.edu,Fall 2025,2026-06-25,6872,6872
10104,Mia,Chen,mia.chen10104@sjsu.edu,Spring 2026,2026-01-27,6575,6575
10060,Isabella,Garcia,isabella.garcia10060@sjsu.edu,Spring 2026,2026-02-20,5897,5897
10658,Emma,Brown,emma.brown10658@sjsu.edu,Fall 2025,2026-06-16,7584,7584
10083,Isabella,Garcia,isabella.garcia10083@sjsu.edu,Fall 2025,2025-11-28,5754,5754
10490,Mia,Nguyen,mia.nguyen10490@sjsu.edu,Spring 2026,2026-02-08,7855,7855
10315,Sophia,Harris,sophia.harris10315@sjsu.edu,Spring 2026,2026-04-15,7331,7331
10450,Ella,Jackson,ella.jackson10450@sjsu.edu,Spring 2026,2025-11-23,7741,7741
10381,Emma,Lewis,emma.lewis10381@sjsu.edu,Spring 2026,2026-01-01,6216,6216
10422,James,Chen,james.chen10422@sjsu.edu,Spring 2026,2026-02-05,5782,5782
10496,Harper,Smith,harper.smith10496@sjsu.edu,Spring 2026,2026-02-15,5971,5971
10938,Elijah,Harris,elijah.harris10938@sjsu.edu,Fall 2025,2026-04-04,7364,5487
10739,Lucas,Clark,lucas.clark10739@sjsu.edu,Spring 2026,2026-03-03,7886,7886
10523,Noah,Harris,noah.harris10523@sjsu.edu,Spring 2026,2026-05-13,7445,7445
10445,Emma,Garcia,emma.garcia10445@sjsu.edu,Fall 2025,2025-12-11,7561,7561
10663,Noah,Wilson,noah.wilson10663@sjsu.edu,Spring 2026,2026-07-06,5812,5812
10000,Isabella,Johnson,isabella.johnson10000@sjsu.edu,Spring 2026,2025-11-22,6666,6666
10779,Liam,Garcia,liam.garcia10779@sjsu.edu,Spring 2026,2026-03-16,7178,7178
10971,Mia,Anderson,mia.anderson10971@sjsu.edu,Fall 2025,2026-06-16,4001,4001
10626,James,Anderson,james.anderson10626@sjsu.edu,Spring 2026,2026-03-22,5651,4834
10457,Abigail,Martinez,abigail.martinez10457@sjsu.edu,Spring 2026,2026-01-20,5197,5197
10488,Noah,Harris,noah.harris10488@sjsu.edu,Spring 2026,2026-03-04,4748,4748
10088,Ethan,Lee,ethan.lee10088@sjsu.edu,Spring 2026,2026-02-21,6111,6111
10483,Liam,Davis,liam.davis10483@sjsu.edu,Fall 2025,2026-02-14,4740,4740
10460,Ethan,Anderson,ethan.anderson10460@sjsu.edu,Spring 2026,2026-02-14,6805,6805
10077,Lucas,Nguyen,lucas.nguyen10077@sjsu.edu,Fall 2025,2026-03-05,6079,6079
10268,Sophia,White,sophia.white10268@sjsu.edu,Fall 2025,2026-01-04,6315,6315
10929,Mia,Lewis,mia.lewis10929@sjsu.edu,Fall 2025,2026-01-14,6075,6075
10123,Olivia,Anderson,olivia.anderson10123@sjsu.edu,Fall 2025,2025-11-15,5613,5613
10297,Noah,Jackson,noah.jackson10297@sjsu.edu,Fall 2025,2026-04-16,4723,4723
10881,Aiden,Patel,aiden.patel10881@sjsu.edu,Fall 2025,2026-01-19,6207,6207
10095,Olivia,Thomas,olivia.thomas10095@sjsu.edu,Spring 2026,2025-12-18,5662,5662
10733,James,Davis,james.davis10733@sjsu.edu,Fall 2025,2026-07-04,4139,4139
10011,Ella,Clark,ella.clark10011@sjsu.edu,Spring 2026,2026-01-29,7183,7183
10114,Lucas,Thomas,lucas.thomas10114@sjsu.edu,Fall 2025,2025-12-01,4226,4226
10843,Olivia,Garcia,olivia.garcia10843@sjsu.edu,Spring 2026,2026-01-01,6146,6146
10428,Harper,Clark,harper.clark10428@sjsu.edu,Spring 2026,2026-04-05,6233,6233
10257,Mia,Thomas,mia.thomas10257@sjsu.edu,Fall 2025,2025-12-03,7360,7360
10731,Amelia,Harris,amelia.harris10731@sjsu.edu,Spring 2026,2026-03-15,6956,6956
10764,Benjamin,Garcia,benjamin.garcia10764@sjsu.edu,Fall 2025,2026-05-13,5234,5234
10352,Amelia,Smith,amelia.smith10352@sjsu.edu,Spring 2026,2026-02-19,7803,7803
10975,Lucas,Thomas,lucas.thomas10975@sjsu.edu,Fall 2025,2026-04-18,6106,6106
10773,Liam,Johnson,liam.johnson10773@sjsu.edu,Fall 2025,2025-11-28,4324,4324
10690,Amelia,Davis,amelia.davis10690@sjsu.edu,Fall 2025,2025-12-14,5509,5509
10922,Liam,Nguyen,liam.nguyen10922@sjsu.edu,Fall 2025,2026-04-24,5691,5691
10790,Amelia,Harris,amelia.harris10790@sjsu.edu,Spring 2026,2026-01-13,4540,4540
10531,Liam,Brown,liam.brown10531@sjsu.edu,Fall 2025,2026-05-16,7907,7907
10867,Isabella,Garcia,isabella.garcia10867@sjsu.edu,Fall 2025,2026-03-04,7096,7096
10169,Ella,Clark,ella.clark10169@sjsu.edu,Fall 2025,2026-06-30,5855,5855
10239,Emma,Jackson,emma.jackson10239@sjsu.edu,Fall 2025,2025-11-11,4419,4419
10277,Abigail,Robinson,abigail.robinson10277@sjsu.edu,Spring 2026,2025-12-25,7426,7426
10160,Amelia,Thomas,amelia.thomas10160@sjsu.edu,Fall 2025,2026-05-23,7325,7325
10073,Olivia,Lee,olivia.lee10073@sjsu.edu,Fall 2025,2026-04-17,5939,5939
10529,Abigail,Harris,abigail.harris10529@sjsu.edu,Fall 2025,2026-02-09,4494,4494
10062,Olivia,Lewis,olivia.lewis10062@sjsu.edu,Spring 2026,2026-04-26,7303,7303
10761,Ethan,Kim,ethan.kim10761@sjsu.edu,Spring 2026,2026-03-30,4617,3360
10492,Liam,Martinez,liam.martinez10492@sjsu.edu,Spring 2026,2025-12-05,4228,4228
10740,Ava,Patel,ava.patel10740@sjsu.edu,Spring 2026,2026-03-14,4618,3185
10750,Ella,Davis,ella.davis10750@sjsu.edu,Fall 2025,2026-01-12,4084,4084
10741,Aiden,White,aiden.white10741@sjsu.edu,Fall 2025,2026-06-12,7278,7278
10830,James,Thomas,james.thomas10830@sjsu.edu,Spring 2026,2025-12-18,7985,7985
10795,Mia,Martinez,mia.martinez10795@sjsu.edu,Spring 2026,2025-12-18,7021,7021
10047,Amelia,Johnson,amelia.johnson10047@sjsu.edu,Fall 2025,2026-03-25,7105,7105
10762,Sophia,Patel,sophia.patel10762@sjsu.edu,Spring 2026,2026-03-04,5658,5658
10591,Aiden,Thomas,aiden.thomas10591@sjsu.edu,Spring 2026,2026-02-09,5901,5901
10807,Isabella,Patel,isabella.patel10807@sjsu.edu,Spring 2026,2026-06-26,7572,7572
10981,Abigail,Nguyen,abigail.nguyen10981@sjsu.edu,Spring 2026,2025-12-15,5976,5976
10505,Olivia,Jackson,olivia.jackson10505@sjsu.edu,Fall 2025,2026-02-25,5091,5091
10020,Abigail,Garcia,abigail.garcia10020@sjsu.edu,Fall 2025,2026-01-18,7869,7869
10968,Isabella,Johnson,isabella.johnson10968@sjsu.edu,Spring 2026,2026-01-06,4685,4685
10424,Mason,Wilson,mason.wilson10424@sjsu.edu,Spring 2026,2026-02-03,5653,5653
10652,Elijah,Kim,elijah.kim10652@sjsu.edu,Fall 2025,2025-11-20,5657,5657
10192,Sophia,White,sophia.white10192@sjsu.edu,Spring 2026,2026-01-14,4332,4332
10642,Harper,Garcia,harper.garcia10642@sjsu.edu,Fall 2025,2026-06-15,7179,7179
10215,Harper,Nguyen,harper.nguyen10215@sjsu.edu,Spring 2026,2026-03-08,4142,4142
10244,Lucas,Patel,lucas.patel10244@sjsu.edu,Fall 2025,2026-04-11,6611,6611
10363,Isabella,Robinson,isabella.robinson10363@sjsu.edu,Spring 2026,2026-01-09,4659,4659
10059,Sophia,White,sophia.white10059@sjsu.edu,Fall 2025,2026-05-31,5777,5777
10221,Emma,White,emma.white10221@sjsu.edu,Spring 2026,2026-05-27,7907,7907
10176,Liam,White,liam.white10176@sjsu.edu,Spring 2026,2026-02-10,6352,6352
10449,Olivia,Garcia,olivia.garcia10449@sjsu.edu,Spring 2026,2026-04-01,6574,6574
10055,Amelia,Wilson,amelia.wilson10055@sjsu.edu,Fall 2025,2025-12-06,4903,4903
10803,Evelyn,Kim,evelyn.kim10803@sjsu.edu,Fall 2025,2026-01-01,5451,5451
10254,Mason,Lewis,mason.lewis10254@sjsu.edu,Spring 2026,2026-02-24,5696,5696
10919,Mia,Smith,mia.smith10919@sjsu.edu,Spring 2026,2025-11-27,7313,7313
10385,Emma,Robinson,emma.robinson10385@sjsu.edu,Spring 2026,2025-11-24,6611,6611
10948,Isabella,Garcia,isabella.garcia10948@sjsu.edu,Fall 2025,2026-06-19,4815,4815
10197,Mason,Chen,mason.chen10197@sjsu.edu,Fall 2025,2026-01-05,5905,5905
10068,Isabella,Martinez,isabella.martinez10068@sjsu.edu,Spring 2026,2025-12-13,7416,7416
10722,Harper,Clark,harper.clark10722@sjsu.edu,Fall 2025,2025-12-29,7964,7964
10744,Abigail,Anderson,abigail.anderson10744@sjsu.edu,Fall 2025,2026-04-15,7575,7575
10713,Emma,Kim,emma.kim10713@sjsu.edu,Fall 2025,2026-06-25,7967,7967
10168,Mia,Garcia,mia.garcia10168@sjsu.edu,Fall 2025,2026-06-29,6050,6050
10185,Liam,Brown,liam.brown10185@sjsu.edu,Fall 2025,2026-01-13,6566,6566
10035,James,Anderson,james.anderson10035@sjsu.edu,Spring 2026,2026-02-18,5634,5634
10641,Harper,Patel,harper.patel10641@sjsu.edu,Fall 2025,2025-11-13,5272,5272
